10/aj,X.ADJ
1p,1PL
1s,1SG
2p,2PL
2s,2SG
8aj,NC.VIII.ADJ
9/aj,NC.IX.ADJ
9aj,NC.IX.ADJ
aj/dim,ADJ.DIM
ap,APPL
ap/t^pf,APPL.PRF
ap/t^pr,PRS.APPL
av,ADV
become_warm/c,become_warm.CAUS
c,CAUS
c/t^pf,PRF.CAUS
child(1irg),child(NC.I.IRR)
cj,CONJ
cl,COMPL
come/m^i,come.IMP
come/m^ip,come.IMP.PL
cp,COP
cp/ng,NEG.COP
cp1,NC.I.COP
cp10,NC.X.COP
cp14,NC.XIV.COP
cp17,NC.XVII.COP
cp1p,NC.1PL.COP
cp1s,NC.1SG.COP
cp2,NC.II.COP
cp2a,NC.IIa.COP
cp2p,NC.2PL.COP
cp2s,NC.2SG.COP
cp3,NC.III.COP
cp4,NC.IV.COP
cp5,NC.V.COP
cp6,NC.VI.COP
cp7,NC.VII.COP
cp8,NC.VIII.COP
cp9,NC.IX.COP
d1,NC.I.DEM
d10,NC.X.DEM
d14,NC.XIV.DEM
d17,NC.XVII.DEM
d2,NC.II.DEM
d3,NC.III.DEM
d4,NC.IV.DEM
d5,NC.V.DEM
d6,NC.VI.DEM
d7,NC.VII.DEM
d8,NC.VIII.DEM
d9,NC.IX.DEM
dim,DIM
eat/m^i,eat.IMP
eat/m^ip,eat.IMP.PL
fall_down/c,fall_down.CAUS
fear/c,fear.CAUS
foot(5 = 6)/dim,foot(NC.V=VI).DIM
get_full/c,get_full.CAUS
girl(1irg),girl(NC.I.IRR)
go/ap,go.APPL
go/c,go.CAUS
go_out/m^i,go_out.IMP
house(9 = 10|6)/dim,house(NC.IX=X/VI).DIM
house(9 = 10|6)/lc,house(NC.IX=X/VI).LOC
ht,HORT
ij,INTJ
inside_mouth(5 = 6)/lc,inside_mouth(NC.V=VI).LOC
inside_mouth/lc,inside_mouth.LOC
kingdom(3,4irg) = kingdom(NC.III=IV.IRR)
lc,LOC
load/ap,load.APPL
load/rv,load.REVERS
mat(3irg),mat(NC.III.IRR)
my_child(1irg),my_child(NC.I.IRR)
m^e,SBJV1
m^I,IMP
m^i,IMP
m^ind,IND
m^ip,IMP.PL
m^pt,SBJV2
m^s,SBJV1
m^sp,SBJV1.PL
m^x,NEG
m^xp,NEG.PL
ng,NEG
ng/cp,NEG.COP
nt,CHOS
n^name,a_name
obr17,NC.XVII.OBJ
obr3,NC.III.OBJ.REL
obr8,NC.VIII.OBJ.REL
obr9,NC.IX.OBJ.REL
om1,NC.I.OBJ
om10,NC.X.OBJ
om14,NC.XIV.OBJ
om17,NC.XVII.OBJ
om1p,1PL.OBJ
om1s,1SG.OBJ
om2,NC.II.OBJ
om2a,NC.IIa.OBJ
om2p,2PL.OBJ
om2s,2SG.OBJ
om3,NC.III.OBJ
om4,NC.IV.OBJ
om5,NC.V.OBJ
om6,NC.VI.OBJ
om7,NC.VII.OBJ
om8,NC.VIII.OBJ
om9,NC.IX.OBJ
or1,NC.I.OBJ.REL
or10,NC.X.OBJ.REL
or2,NC.II.OBJ.REL
or3,NC.III.OBJ.REL
or5,NC.V.OBJ.REL
or7,NC.VII.OBJ.REL
or9,NC.IX.OBJ.REL
p,PASS
p/t^pf,PRF.PASS
pin/rv,pin.REVERS
pn1,NC.I
pn10,NC.X
pn14,NC.XIV
pn17,NC.XVII
pn1s,NC.1SG
pn2,NC.II
pn2p,NC.2PL
pn3,NC.III
pn4,NC.IV
pn5,NC.V
pn6,NC.VI
pn7,NC.VII
pn8,NC.VIII
pn9,NC.IX
POSS.home,home.POSS
pr,PREP
ps,POSS
ps1,NC.I.POSS
ps1/home,home.NC.I.POSS
ps10,NC.X.POSS
ps10/home,home.NC.X.POSS
ps10|1s,NC.X/1SG.POSS
ps14,NC.XIV.POSS
ps17,NC.XVII.POSS
ps1a,NC.Ia.POSS
ps2,NC.II.POSS
ps2/home,home.NC.II.POSS
ps3,NC.III.POSS
ps3/home,home.NC.III.POSS
ps4,NC.IV.POSS
ps5,NC.V.POSS
ps5/home,home.NC.V.POSS
ps6,NC.VI.POSS
ps7,NC.VII.POSS
ps7/home,home.NC.VII.POSS
ps8,NC.VIII.POSS
ps9,NC.IX.POSS
ps9/home,home.NC.IX.POSS
put_on/c,put_on.CAUS
remember/c,remember.CAUS
rf,REFL
rl,REL.LOC
rv,REVERS
rv/c,REVERS.CAUS
rv/t^pf,PRF.REVERS
shut_one's_eyes/t^pf,shut_one's_eyes.PRF
sleep/c,sleep.CAUS
sm1,NC.I.SBJ
sm1/t^np,NC.I.SBJ.REM.PST
sm1/t^p,PRS.NC.I.SBJ
sm10,NC.X.SBJ
sm10/t^np,REM.PST.NC.X.SBJ
sm14,NC.XIV.SBJ
sm17,NC.XVII.SBJ
sm17/t^np,REM.PST.NC.XVII.SBJ
sm1p,1PL.SBJ
sm1p/t^np,REM.PST.1PL.SBJ
sm1s,1SG.SBJ
sm1s/t^np,REM.PST.1SG.SBJ
sm2,NC.II.SBJ
sm2/t^np,REM.PST.NC.II.SBJ
sm2p,2PL.SBJ
sm2p/t^np,REM.PST.2PL.SBJ
sm2s,2SG.SBJ
sm2s/t^np,REM.PST.2SG.SBJ
sm3,NC.III.SBJ
sm3/t^np,REM.PST.NC.III.SBJ
sm4,NC.IV.SBJ
sm5,NC.V.SBJ
sm5/t^np,REM.PST.NC.V.SBJ
sm6,NC.VI.SBJ
sm7,NC.VII.SBJ
sm8,NC.VIII.SBJ
sm9,NC.IX.SBJ
sm9/t^np,REM.PST.NC.IX.SBJ
squeeze/ap,squeeze.APPL
sr1,NC.I.SBJ.REL
sr1/cp,NC.I.SBJ.REL/COP
sr10,NC.X.SBJ.REL
sr10/cp,NC.X.SBJ.REL/COP
sr14,NC.XIV.SBJ.REL
sr17,NC.XVII.SBJ.REL
sr1p,1PL.SBJ.REL
sr1s,1SG.SBJ.REL
sr2,NC.II.SBJ.REL
sr2/cp,NC.II.SBJ.REL/COP
sr2p,2PL.SBJ.REL
sr2s,2SG.SBJ.REL
sr3,NC.III.SBJ.REL
sr3/cp,NC.III.SBJ.REL/COP
sr4,NC.IV.SBJ.REL
sr5,NC.V.SBJ.REL
sr6,NC.VI.SBJ.REL
sr6/cp,NC.VI.SBJ.REL/COP
sr8,NC.VIII.SBJ.REL
sr8/cp,NC.VIII.SBJ.REL/COP
sr9,NC.IX.SBJ.REL
sr9/cp,NC.IX.SBJ.REL/COP
stick(9 = 10)/dim,stick(NC.IX=X).DIM
teacher(9 = 10|6/2a),teacher(NC.IX=X/VI/IIa)
teeth(6irg),teeth(NC.VI.IRR)
tell/ap,tell.APPL
tire/c,tire.CAUS
t^.om2s,PRS.2SG.OBJ
t^ba,COP
t^batla,almost
t^batla/pf,almost.PRF
t^be,AUX
t^f,FUT
t^f1,FUT1
t^f2,FUT2
t^f3,FUT3
t^f4,FUT4
t^f4.buy,buy.FUT4
t^f5,FUT5
t^hla,do.indeed
t^hle,HAB
t^hloha,PERSIST
t^ke,EMPH
t^mpa,do.however
t^mpe,do.however
t^ne,PST.CONT
t^ng,NEG
t^nna,PROG
t^nne,HAB
t^np.om1s,REM.PST.1SG.OBJ
t^ntsane,still
t^ntse,PST.CONT
t^ny,TEMP.FOC
t^p,PRS
t^p.om1,PRS.NC.I.OBJ
t^p.om10,PRS.NC.X.OBJ
t^p.om14,PRS.NC.XIV.OBJ
t^p.om17,PRS.NC.XVII.OBJ
t^p.om1p,PRS.1PL.OBJ
t^p.om1s,PRS.1SG.OBJ
t^p.om2,PRS.NC.II.OBJ
t^p.om2s,PRS.2SG
t^p.om3,PRS.NC.III.OBJ
t^p.om5,PRS.NC.V.OBJ
t^p.om6,PRS.NC.VI.OBJ
t^p.om7,PRS.NC.VII.OBJ
t^p.om8,PRS.NC.VIII.OBJ
t^p.om9,PRS.NC.IX.OBJ
t^p.rf,PRS.REFL
t^pf,PRF
t^pf/m^in,IND.PRF
t^pf/m^pt,DEP.PRF
t^pf/m^x,NEG.PRF
t^po,POT
t^po/ng,NEG.POT
t^pp,PST.CONT
t^ppf,PRF
t^pr/m^in,IND.PRS
t^ps,PST
t^p_burn/c,burn.PRS.CAUS
t^p_drink/p,drink.PRS.PASS
t^p_go/ap,go.PRS.APPL
t^p_go/c,go.PRS.CAUS
t^p_go/p,go.PRS.PASS
t^p_know/p,know.PRS.PASS
t^p_load/rv,load.PRS.REVERS
t^p_put_on/c,put_on.PRS.CAUS
t^p_say/m^pt,say.POT.PRS
t^p_sleep/c,sleep.PRS.CAUS
t^p_stab/p,stab.PRS.PASS
t^p_turn_over/nt,turn_over.PRS.CHOS
t^sa,PERSIST
t^se,still
t^tloha,do.afterwards
t^ts,RECENT.PST
water(6irg),water(NC.VI.IRR)
wh,WH.Q
1,NC.I
1/cp,NC.I.COP
10,NC.X
10/cp,NC.X.COP
10cp,NC.X.COP
14,NC.XIV
17,NC.XVII
1a,NC.Ia
2,NC.II
2/cp,NC.II.COP
2a,NC.IIa
3,NC.III
3/cp,NC.III.COP
4,NC.IV
5,NC.V
6/cp,NC.VI.COP
7,NC.VII
8,NC.VIII
8/cp,NC.VIII.COP
9,NC.IX
9/cp,NC.IX.COP
???,???
aj,ADJ
amuse/t^pf,amuse.PRF
ap/pf,APPL.PRF
ascend/c,ascend.CAUS
beat/t^pf,beat.PRF
become_accustomed/t^pf,become_accustomed.PRF
become_fat/t^pf,become_fat.PRF
become_finished/t^pf,become_finished.PRF
become_silent/t^pf,become_silent.PRF
become_warm/t^pf,become_warm.PRF
be_about_to_cry/t^pf,be_about_to_cry.PRF
be_cold/t^pf,be_cold.PRF
be_satisfied/t^pf,be_satisfied.PRF
be_six/t^pf,be_six.PRF
be_thirsty/t^pf,be_thirsty.PRF
bite/t^pf,bite.PRF
blow/t^pf,blow.PRF
blow_about/t^pf,blow_about.PRF
break_off_piece/t^pf,break_off_piece.PRF
bring_down/t^pf,bring_down.PRF
button/rv,button.REVERS
button/t^pf,button.PRF
"candy(9,10)/lc","candy(NC.IX,X).LOC"
cause_to_fall/t^pf,cause_to_fall.PRF
cd,COND
choke/c,choke.CAUS
choke/t^pf,choke.PRF
chrash/t^pf,chrash.PRF
cl/t^pf,cl.PRF
climb/m^i,climb.IMP
cling_to/t^pf,cling_to.PRF
close/t^pf,close.PRF
cm,COMP
collide_with/t^pf,collide_with.PRF
comb/p,comb.PASS
come/m^I,come.IMP
come_for/t^pf,come_for.PRF
contract/t^pf,contract.PRF
copy/c,copy.CAUS
correct/nt,correct.CHOS
cover/rv,REVERS
cover/t^pf,cover.PRF
cover_up/ap,cover_up.APPL
crush/c,crush.CAUS
crush/t^pf,crush.PRF
cut/t^pf,cut.PRF
cut_off/nt,cut_off.CHOS
cut_off/t^pf,cut_off.PRF
dance/c,dance.CAUS
defecate/t^pf,defecate.PRF
descend/c,descend.CAUS
diminish/t^pf,diminish.PRF
disappear/c,disappear.CAUS
disappear/t^pf,disappear.PRF
disgust/c,disgust.CAUS
dish_out/t^pf,dish_out.PRF
do/t^pf,do.PRF
"donkey(9,10)/dim","donkey(NC.IX,X).DIM"
drink/p,drink.PASS
drive/p,drive.PASS
eat/t^pf,eat.PRF
elope/t^pf,elope.PRF
enter/t^pf,enter.PRF
extinguish/t^pf,extinguish.PRF
fall/t^pf,fall.PRF
fear/nt,fear.CHOS
ferment/c,ferment.CAUS
fill.belly/t^pf,fill.belly.PRF
fill_belly/t^pf,fill_belly.PRF
fill_mouth/t^pf,fill_mouth.PRF
find/t^pf,find.PRF
fold/t^pf,fold.PRF
"foot(5,6)/dim","foot(NC.V,VI).DIM"
forget/t^pf,forget.PRF
forgive/t^pf,forgive.PRF
f^f1,FUT1
gather_locust/t^pf,gather_locust.PRF
get_full/t^pf,get_full.PRF
go/p,go.PASS
go/t^pf,go.PRF
grab/p/t^pf,grab.PASS.PRF
grab/t^pf,grab.PRF
grind/t^pf,grind.PRF
"grindstone(9,10)/dim","grindstone(NC.IX,X).DIM"
grow/p,grow.PASS
hide/t^pf,hide.PRF
hold_in_fist/t^pf,hold_in_fist.PRF
"horse(9,10)/dim","horse(NC.IX,X).DIM"
"house(9,10|6)/dim","house(NC.IX,X).DIM"
"house(9,10|6)/lc","house(NC.IX,X/VI).LOC"
"hut(3,4)/dim","hut(NC.III,IV).DIM"
id^be_silent,IDEOPH
id^break,IDEOPH
id^enter,IDEOPH
id^fall,IDEOPH
id^fall_over_and_over,IDEOPH
id^frighten,IDEOPH
id^hop,IDEOPH
id^jump,IDEOPH
id^roll,IDEOPH
id^roll_over,IDEOPH
id^shine,IDEOPH
if,COND
"inside_mouth(5,6)/lc","inside_mouth(NC.V,VI).LOC"
know/p,know.PASS
leave/ap,leave.APPL
leave/t^pf,leave.PRF
leave_behind/ap,leave_behind.APPL
lend/t^pf,lend.PRF
listen/t^pf,listen.PRF
load/ap/t^pf,load.APPL.PRF
loc,LOC
lock/t^pf,lock.PRF
lr,REL.LOC
make_big/t^pf,make_big.PRF
marry/p,marry.PASS
milk/p,milk.PASS
"monkey(9,10)/dim","monkey(NC.IX,X).DIM"
"mouth(3,4)/dim","mouth(NC.III,IV).DIM"
m^im,IMP
m^in,IND
neg,NEG
nm,NUM
not_give/p,not_give.PASS
not_give/t^pf,not_give.PRF
nurse/c,nurse.CAUS
"old_person(5,6)/dim","old_person(NC.V,VI).DIM"
open/t^pf,open.PRF
pass_gas/t^pf,pass_gas.PRF
peel/nt,peel.CHOS
peel/t^pf,peel.PRF
pierce/p,pierce.PASS
pierce/t^pf,pierce.PRF
pin/t^pf,pin.PRF
plaster/t^pf,plaster.PRF
polish/t^pf,polish.PRF
pour/rv,pour.REVERS
pour/t^pf,pour.PRF
ps/home,POSS.home
pull_out/nt,pull_out.CHOS
punch/t^pf,punch.PRF
put_on/t^pf,put_on.PRF
q,Q
raise_up/t^pf,raise_up.PRF
rc,RECP
refuse/t^pf,refuse.PRF
remain/t^pf,remain.PRF
remember/t^pf,remember.PRF
renounce/t^pf,renounce.PRF
reprimand/t^pf,reprimand.PRF
rest/c,rest.CAUS
rest/t^pf,rest.PRF
ride/t^pf,ride.PRF
"robe(3,4)/dim","robe(NC.III,IV).DIM"
say/t^pf,say.PRF
say_m^i,say.IMP
scrape/nt,scrape.CHOS
scrape/t^pf,scrape.PRF
see/t^pf,see.PRF
send_away/t^pf,send_away.PRF
serve_right/nt,serve_right.CHOS
shoot/t^pf,shoot.PRF
sing/t^pf,sing.PRF
sing_poorly/t^pf,sing_poorly.PRF
sit/t^pf,sit.PRF
sleep/t^pf,sleep.PRF
slice/t^pf,slice.PRF
smash/p,smash.PASS
smear/t^pf,smear.PRF
snatch/t^pf,snatch.PRF
spit/t^pf,spit.PRF
split/nt,split.CHOS
spoil/t^pf,spoil.PRF
stab/p,stab.PASS
"stick(9,10)/dim","stick(NC.IX,X).DIM"
strangle/t^pf,strangle.PRF
suit/t^pf,suit.PRF
swallow/t^pf,swallow.PRF
sweep/t^pf,sweep.PRF
take_off/t^pf,take_off.PRF
tear/nt,tear.CHOS
tear/t^pf,tear.PRF
tell/t^pf,tell.PRF
"thing(9,10)/dim","thing(NC.IX,X).DIM"
thresh/t^pf,thresh.PRF
tire/t^pf,tire.PRF
trip/p,trip.PASS
turn_over/nt,turn_over.CHOS
turn_over/t^pf,turn_over.PRF
t^be/pf,be.PRF
t^f4_buy,FUT4.buy
t^hla/pf,do.indeed.PRF
t^hlola,TENSE
t^p.feed/p,PRS.feed.PASS
t^p.om2a,PRS.NC.IIa.OBJ
t^p.om2p,PRS.2PL.OBJ
t^p.pour.water.in.pot,PRS.pour_water_in_pot
t^p.say,PRS.say
t^p.shine/c,PRS.shine.CAUS
t^pf/m^s,PRF.SBJV1
t^po/pf,POT.PRF
t^po/t^pf,POT.PRF
t^p_,PRS
t^p_abandon,PRS.abandon
t^p_add,PRS.add
t^p_agree,PRS.agree
t^p_amuse,PRS.amuse
t^p_annoy,PRS.annoy
t^p_answer,PRS.answer
t^p_appear,PRS.appear
t^p_arrive,PRS.arrive
t^p_ascend,PRS.ascend
t^p_ascend/c,PRS.ascend.CAUS
t^p_ask,PRS.ask
t^p_attack,PRS.attack
t^p_baptize,PRS.baptize
t^p_be,PRS.be
t^p_beat,PRS.beat
t^p_become_accustomed,PRS.become_accustomed
t^p_become_crazy,PRS.become_crazy
t^p_become_dry,PRS.become_dry
t^p_become_fine,PRS.become_fine
t^p_become_firm,PRS.become_firm
t^p_become_parallel,PRS.become_parallel
t^p_become_silent,PRS.become_silent
t^p_become_strong,PRS.become_strong
t^p_become_warm,PRS.become_warm
t^p_become_warm/c,PRS.become_warm.CAUS
t^p_beg,PRS.beg
t^p_begin,PRS.begin
t^p_be_alike,PRS.be_alike
t^p_be_bitter,PRS.be_bitter
t^p_be_cold,PRS.be_cold
t^p_be_convinced,PRS.be_convinced
t^p_be_difficult,PRS.be_difficult
t^p_be_equal,PRS.be_equal
t^p_be_glad,PRS.be_glad
t^p_be_greedy,PRS.be_greedy
t^p_be_inclined,PRS.be_inclined
t^p_be_like,PRS.be_like
t^p_be_loose,PRS.be_loose
t^p_be_out_of_game,PRS.be_out_of_game
t^p_be_ready_to_eat,PRS.be_ready_to_eat
t^p_be_scandalized,PRS.be_scandalized
t^p_be_sick,PRS.be_sick
t^p_be_sorry,PRS.be_sorry
t^p_be_thankful,PRS.be_thankful
t^p_be_unbecoming,PRS.be_unbecoming
t^p_bind,PRS.bind
t^p_bite,PRS.bite
t^p_blink,PRS.blink
t^p_blow_fire,PRS.blow_fire
t^p_borrow,PRS.borrow
t^p_bother,PRS.bother
t^p_break,PRS.break
t^p_break_piece,PRS.break_piece
t^p_bring_down,PRS.bring_down
t^p_bruise,PRS.bruise
t^p_build,PRS.build
t^p_burn,PRS.burn
t^p_button,PRS.button
t^p_buy,PRS.buy
t^p_call,PRS.call
t^p_call_to,PRS.call_to
t^p_carry_on_back,PRS.carry_on_back
t^p_catch,PRS.catch
t^p_cause_to_fall,PRS.cause_to_fall
t^p_change,PRS.change
t^p_chat,PRS.chat
t^p_chew_hard_thing,PRS.chew_hard_thing
t^p_choose,PRS.choose
t^p_chop,PRS.chop
t^p_clap_hands,PRS.clap_hands
t^p_clean,PRS.clean
t^p_clean_with_stone,PRS.clean_with_stone
t^p_climb,PRS.climb
t^p_close,PRS.close
t^p_coil,PRS.coil
t^p_collide_with,PRS.collide_with
t^p_come,PRS.come
t^p_come_back,PRS.come_back
t^p_come_from,PRS.come_from
t^p_cook,PRS.cook
t^p_cool,PRS.cool
t^p_correct,PRS.correct
t^p_cough,PRS.cough
t^p_count,PRS.count
t^p_cover,PRS.cover
t^p_cover/rv,PRS.cover.REVERS
t^p_crash,PRS.crash
t^p_crawl,PRS.crawl
t^p_cream,PRS.cream
t^p_cross,PRS.cross
t^p_crush,PRS.crush
t^p_cry,PRS.cry
t^p_cure,PRS.cure
t^p_cut,PRS.cut
t^p_cut_into_small_pieces,PRS.cut_into_small_pieces
t^p_cut_off,PRS.cut_off
t^p_dance_and_sing_own_praises,PRS.dance_and_sing_own_praises
t^p_dance_on_knees,PRS.dance_on_knees
t^p_deceive,PRS.deceive
t^p_defecate,PRS.defecate
t^p_delay,PRS.delay
t^p_descend,PRS.descend
t^p_desire,PRS.desire
t^p_die,PRS.die
t^p_dig,PRS.dig
t^p_dip,PRS.dip
t^p_disappear,PRS.disappear
t^p_disapprove,PRS.disapprove
t^p_disgust/c,PRS.disgust.CAUS
t^p_dislocate,PRS.dislocate
t^p_disperse,PRS.disperse
t^p_disperse/c,PRS.disperse.CAUS
t^p_disrespect,PRS.disrespect
t^p_divide,PRS.divide
t^p_do,PRS.do
t^p_do_mischief,PRS.do_mischief
t^p_do_violence_to,PRS.do_violence_to
t^p_draw,PRS.draw
t^p_draw_water,PRS.draw_water
t^p_dress,PRS.dress
t^p_dress_well,PRS.dress_well
t^p_drink,PRS.drink
t^p_drive,PRS.drive
t^p_eat,PRS.eat
t^p_eat_together_with,PRS.eat_together_with
t^p_embrace,PRS.embrace
t^p_enter,PRS.enter
t^p_expose,PRS.expose
t^p_extinguish,PRS.extinguish
t^p_fall,PRS.fall
t^p_fall_asleep,PRS.fall_asleep
t^p_fall_down,PRS.fall_down
t^p_fasten,PRS.fasten
t^p_fear,PRS.fear
t^p_fear/c,PRS.fear.CAUS
t^p_feed,PRS.feed
t^p_feel,PRS.feel
t^p_fetch,PRS.fetch
t^p_fight,PRS.fight
t^p_fight_over,PRS.fight_over
t^p_fill_belly,PRS.fill_belly
t^p_find,PRS.find
t^p_finish,PRS.finish
t^p_fly,PRS.fly
t^p_follow,PRS.follow
t^p_forgive,PRS.forgive
t^p_frighten,PRS.frighten
t^p_fumigate,PRS.fumigate
t^p_gather,PRS.gather
t^p_get_full,PRS.get_full
t^p_give,PRS.give
t^p_give_a_part_to,PRS.give_a_part_to
t^p_go,PRS.go
t^p_go_around,PRS.go_around
t^p_go_out,PRS.go_out
t^p_go_round,PRS.go_round
t^p_go_to,PRS.go_to
t^p_grab,PRS.grab
t^p_grease,PRS.grease
t^p_greet,PRS.greet
t^p_grind,PRS.grind
t^p_grow,PRS.grow
t^p_hang,PRS.hang
t^p_hear,PRS.hear
t^p_help,PRS.help
t^p_herd,PRS.herd
t^p_hide,PRS.hide
t^p_hinder,PRS.hinder
t^p_hit,PRS.hit
t^p_hit_right,PRS.hit_right
t^p_hold,PRS.hold
t^p_hurry,PRS.hurry
t^p_hurt,PRS.hurt
t^p_impede,PRS.impede
t^p_impede/p,PRS.impede.PASS
t^p_improve,PRS.improve
t^p_insult,PRS.insult
t^p_intoxicate,PRS.intoxicate
t^p_jostle,PRS.jostle
t^p_jump,PRS.jump
t^p_jump_down,PRS.jump_down
t^p_jump_over,PRS.jump_over
t^p_kick,PRS.kick
t^p_kill,PRS.kill
t^p_kiss,PRS.kiss
t^p_kneel,PRS.kneel
t^p_knock,PRS.knock
t^p_know,PRS.know
t^p_lack,PRS.lack
t^p_laugh,PRS.laugh
t^p_leak,PRS.leak
t^p_leave,PRS.leave
t^p_leave_behind,PRS.leave_behind
t^p_lend,PRS.lend
t^p_lick,PRS.lick
t^p_lift_heavy_thing,PRS.lift_heavy_thing
t^p_light/c,PRS.light.CAUS
t^p_like,PRS.like
t^p_listen,PRS.listen
t^p_live,PRS.live
t^p_lock,PRS.lock
t^p_look,PRS.look
t^p_lose,PRS.lose
t^p_make,PRS.make
t^p_make_fire,PRS.make_fire
t^p_make_noise,PRS.make_noise
t^p_make_slight_noise,PRS.make_slight_noise
t^p_mark_limit,PRS.mark_limit
t^p_marry,PRS.marry
t^p_measure,PRS.measure
t^p_meet,PRS.meet
t^p_milk/p,PRS.milk.PASS
t^p_mix_bread,PRS.mix_bread
t^p_mock,PRS.mock
t^p_mount,PRS.mount
t^p_move_shadow,PRS.move_shadow
t^p_mow,PRS.mow
t^p_nail,PRS.nail
t^p_not_give,PRS.not_give
t^p_ooze,PRS.ooze
t^p_open,PRS.open
t^p_open_the_mouth,PRS.open_the_mouth
t^p_pass,PRS.pass
t^p_pass_gas,PRS.pass_gas
t^p_pay,PRS.pay
t^p_pee,PRS.pee
t^p_peel,PRS.peel
t^p_pick,PRS.pick
t^p_pierce,PRS.pierce
t^p_pin,PRS.pin
t^p_pinch,PRS.pinch
t^p_play,PRS.play
t^p_play_instrument,PRS.play_instrument
t^p_play_knucklebones,PRS.play_knucklebones
t^p_plough,PRS.plough
t^p_point_finger,PRS.point_finger
t^p_polish,PRS.polish
t^p_pour,PRS.pour
t^p_pour_water_in_pot,PRS.pour_water_in_pot
t^p_pout,PRS.pout
t^p_praise,PRS.praise
t^p_press,PRS.press
t^p_press_out,PRS.press_out
t^p_prevent,PRS.prevent
t^p_prop,PRS.prop
t^p_provoke,PRS.provoke
t^p_pull,PRS.pull
t^p_punch,PRS.punch
t^p_push,PRS.push
t^p_put,PRS.put
t^p_put_on,PRS.put_on
t^p_race,PRS.race
t^p_rain,PRS.rain
t^p_raise_up,PRS.raise_up
t^p_read,PRS.read
t^p_reap,PRS.reap
t^p_reduce,PRS.reduce
t^p_refuse,PRS.refuse
t^p_remain,PRS.remain
t^p_remember,PRS.remember
t^p_reprimand,PRS.reprimand
t^p_respect,PRS.respect
t^p_rest,PRS.rest
t^p_rest/t^pf,PRS.rest.PRF
t^p_return,PRS.return
t^p_reverse,PRS.reverse
t^p_ride,PRS.ride
t^p_rinse,PRS.rinse
t^p_ripen,PRS.ripen
t^p_rise,PRS.rise
t^p_roast,PRS.roast
t^p_roll,PRS.roll
t^p_run,PRS.run
t^p_run_away,PRS.run_away
t^p_rustle,PRS.rustle
t^p_say,PRS.say
t^p_say/m^in,PRS.say.IND
t^p_say/m^x,PRS.say.MOOD
t^p_scold,PRS.scold
t^p_scratch,PRS.scratch
t^p_see,PRS.see
t^p_seek,PRS.seek
t^p_send_away,PRS.send_away
t^p_sew,PRS.sew
t^p_shake,PRS.shake
t^p_shine,PRS.shine
t^p_shit,PRS.shit
t^p_shoot,PRS.shoot
t^p_shovel,PRS.shovel
t^p_show,PRS.show
t^p_shuffle,PRS.shuffle
t^p_shut_one's_eyes,PRS.shut_one's_eyes
t^p_sift,PRS.sift
t^p_sing,PRS.sing
t^p_sit,PRS.sit
t^p_sit_on,PRS.sit_on
t^p_slant,PRS.slant
t^p_sleep,PRS.sleep
t^p_slip,PRS.slip
t^p_smash,PRS.smash
t^p_smear,PRS.smear
t^p_smell,PRS.smell
t^p_smoke,PRS.smoke
t^p_sniffle,PRS.sniffle
t^p_sow,PRS.sow
t^p_speak,PRS.speak
t^p_spit,PRS.spit
t^p_split,PRS.split
t^p_spoil,PRS.spoil
t^p_spread,PRS.spread
t^p_spread_out,PRS.spread_out
t^p_sprinkle,PRS.sprinkle
t^p_squeeze,PRS.squeeze
t^p_stab,PRS.stab
t^p_stamp,PRS.stamp
t^p_stand,PRS.stand
t^p_steal,PRS.steal
t^p_step,PRS.step
t^p_stir,PRS.stir
t^p_stop,PRS.stop
t^p_stop_work,PRS.stop_work
t^p_stretch,PRS.stretch
t^p_stride,PRS.stride
t^p_strike,PRS.strike
t^p_strike_match,PRS.strike_match
t^p_strike_the_ground,PRS.strike_the_ground
t^p_struggle,PRS.struggle
t^p_suck,PRS.suck
t^p_sulk,PRS.sulk
t^p_swallow,PRS.swallow
t^p_swat,PRS.swat
t^p_sweep,PRS.sweep
t^p_swim,PRS.swim
t^p_take,PRS.take
t^p_take_away,PRS.take_away
t^p_take_it_easy,PRS.take_it_easy
t^p_take_off,PRS.take_off
t^p_take_out,PRS.take_out
t^p_take_piece,PRS.take_piece
t^p_take_up,PRS.take_up
t^p_talk,PRS.talk
t^p_talk_secretly,PRS.talk_secretly
t^p_tantalize,PRS.tantalize
t^p_taste,PRS.taste
t^p_teach,PRS.teach
t^p_tear,PRS.tear
t^p_tear_to_pieces,PRS.tear_to_pieces
t^p_tell,PRS.tell
t^p_thatch,PRS.thatch
t^p_thrash,PRS.thrash
t^p_thresh,PRS.thresh
t^p_thresh/nt,PRS.thresh.CHOS
t^p_throw,PRS.throw
t^p_throw_away,PRS.throw_away
t^p_throw_on_ground,PRS.throw_on_ground
t^p_tie,PRS.tie
t^p_tire,PRS.tire
t^p_tire/c,PRS.tire.CAUS
t^p_touch,PRS.touch
t^p_transport,PRS.transport
t^p_trust,PRS.trust
t^p_try,PRS.try
t^p_turn,PRS.turn
t^p_turn_head,PRS.turn_head
t^p_turn_over,PRS.turn_over
t^p_uncover,PRS.uncover
t^p_undercook,PRS.undercook
t^p_understand,PRS.understand
t^p_undress,PRS.undress
t^p_untie,PRS.untie
t^p_urinate,PRS.urinate
t^p_visit,PRS.visit
t^p_vomit,PRS.vomit
t^p_waken,PRS.waken
t^p_waken/c,PRS.waken.CAUS
t^p_walk_a_little,PRS.walk_a_little
t^p_want,PRS.want
t^p_warm,PRS.warm
t^p_wash,PRS.wash
t^p_wash_face,PRS.wash_face
t^p_wash_hands,PRS.wash_hands
t^p_watch_with_surprise,PRS.watch_with_surprise
t^p_wear,PRS.wear
t^p_weed,PRS.weed
t^p_win,PRS.win
t^p_wipe,PRS.wipe
t^p_wipe_back,PRS.wipe_back
t^p_work,PRS.work
t^p_wrap,PRS.wrap
t^p_write,PRS.write
t^tena,TENSE
undress/t^pf,undress.PRF
urinate/t^pf,urinate.PRF
waken/c,waken.CAUS
wear/t^pf,wear.PRF
win/t^pf,win.PRF
wipe/t^pf,wipe.PRF
wipe_back/t^pf,wipe_back.PRF
wipe_backside/t^pf,wipe_backside.PRF
wipe_nose/t^pf,wipe_nose.PRF
wonder/t^pf,wonder.PRF
wrap/t^pf,wrap.PRF
write/t^pf,write.PRF
