source_id,corpus,duration
CLDLCh1R01S01,Chintang,466
CLDLCh1R01S02,Chintang,1916
CLDLCh1R01S03,Chintang,2278
CLDLCh1R01S04,Chintang,1611
CLDLCh1R01S05,Chintang,1158
CLDLCh2R01S01,Chintang,1883
CLDLCh2R01S02,Chintang,1423
CLDLCh2R01S03,Chintang,3435
CLDLCh2R02S01a,Chintang,709
CLDLCh2R02S01b,Chintang,1357
CLDLCh2R02S02,Chintang,1919
CLDLCh2R02S03,Chintang,2813
CLDLCh2R02S04,Chintang,2324
CLDLCh2R03S01,Chintang,1356
CLDLCh2R03S02,Chintang,1474
CLDLCh2R03S03,Chintang,687
CLDLCh2R03S04,Chintang,1278
CLDLCh2R03S05,Chintang,2255
CLDLCh2R04S01,Chintang,1560
CLDLCh2R04S02,Chintang,1391
CLDLCh2R04S03,Chintang,792
CLDLCh2R04S04,Chintang,1401
CLDLCh2R04S05,Chintang,702
CLDLCh2R04S06,Chintang,580
CLDLCh2R05S01,Chintang,2437
CLDLCh2R05S02,Chintang,1239
CLDLCh2R05S03,Chintang,1800
CLDLCh2R05S04,Chintang,1893
CLDLCh2R05S05,Chintang,2373
CLDLCh2R05S06,Chintang,1318
CLDLCh2R06S01,Chintang,691
CLDLCh2R06S02,Chintang,1439
CLDLCh2R06S03,Chintang,1191
CLDLCh2R06S04,Chintang,2061
CLDLCh2R06S05,Chintang,1285
CLDLCh2R06S06,Chintang,357
CLDLCh2R07S01,Chintang,1810
CLDLCh2R07S02,Chintang,1806
CLDLCh2R07S03,Chintang,1837
CLDLCh2R07S04,Chintang,1776
CLDLCh2R07S05,Chintang,1038
CLDLCh2R08S01,Chintang,1817
CLDLCh2R08S02,Chintang,1885
CLDLCh2R08S03,Chintang,1839
CLDLCh2R08S04,Chintang,1880
CLDLCh3R01S01,Chintang,1019
CLDLCh3R01S02,Chintang,1218
CLDLCh3R01S03,Chintang,1224
CLDLCh3R01S04,Chintang,970
CLDLCh3R01S05,Chintang,1929
CLDLCh3R02S01,Chintang,995
CLDLCh3R02S02,Chintang,829
CLDLCh3R02S03,Chintang,1920
CLDLCh3R02S04,Chintang,2431
CLDLCh3R02S05,Chintang,1169
CLDLCh3R02S06,Chintang,1706
CLDLCh3R03S01,Chintang,907
CLDLCh3R03S02,Chintang,2752
CLDLCh3R03S03,Chintang,1383
CLDLCh3R03S04,Chintang,2281
CLDLCh3R04S01,Chintang,853
CLDLCh3R04S02,Chintang,581
CLDLCh3R04S03,Chintang,959
CLDLCh3R04S04,Chintang,1289
CLDLCh3R04S05,Chintang,641
CLDLCh3R04S06,Chintang,633
CLDLCh3R04S07,Chintang,2344
CLDLCh3R04S08,Chintang,637
CLDLCh3R04S09,Chintang,701
CLDLCh3R05S01,Chintang,630
CLDLCh3R05S02,Chintang,814
CLDLCh3R05S03,Chintang,564
CLDLCh3R05S04,Chintang,1681
CLDLCh3R05S05,Chintang,907
CLDLCh3R05S06,Chintang,1360
CLDLCh3R05S07,Chintang,1421
CLDLCh3R05S08,Chintang,1339
CLDLCh3R05S09,Chintang,1512
CLDLCh3R05S10,Chintang,697
CLDLCh3R06S01,Chintang,1231
CLDLCh3R06S02,Chintang,1179
CLDLCh3R06S03,Chintang,541
CLDLCh3R06S04,Chintang,912
CLDLCh3R06S05,Chintang,1594
CLDLCh3R06S06,Chintang,1170
CLDLCh3R06S07,Chintang,1075
CLDLCh3R07S01,Chintang,1815
CLDLCh3R07S02,Chintang,1802
CLDLCh3R07S03,Chintang,1802
CLDLCh3R07S04,Chintang,1795
CLDLCh3R07S05,Chintang,1151
CLDLCh3R08S01,Chintang,1879
CLDLCh3R08S02,Chintang,1841
CLDLCh3R08S03,Chintang,1848
CLDLCh3R08S04,Chintang,1830
CLLDCh1R01S01,Chintang,3331
CLLDCh1R01S02,Chintang,3411
CLLDCh1R01S03a,Chintang,1537
CLLDCh1R01S03b,Chintang,1642
CLLDCh1R01S04,Chintang,889
CLLDCh1R02S01,Chintang,1954
CLLDCh1R02S02,Chintang,821
CLLDCh1R02S03a,Chintang,647
CLLDCh1R02S03b,Chintang,1684
CLLDCh1R02S04a,Chintang,1680
CLLDCh1R02S04b,Chintang,3366
CLLDCh1R02S05,Chintang,3477
CLLDCh1R03S01,Chintang,2746
CLLDCh1R03S02,Chintang,1954
CLLDCh1R03S03,Chintang,2131
CLLDCh1R03S04,Chintang,1908
CLLDCh1R03S05,Chintang,1122
CLLDCh1R03S06,Chintang,1486
CLLDCh1R03S07,Chintang,1004
CLLDCh1R04S01,Chintang,1563
CLLDCh1R04S02,Chintang,1897
CLLDCh1R04S03,Chintang,2931
CLLDCh1R04S04,Chintang,1551
CLLDCh1R04S05,Chintang,2981
CLLDCh1R04S06a,Chintang,1502
CLLDCh1R04S06b,Chintang,3535
CLLDCh1R05S01,Chintang,3611
CLLDCh1R05S02,Chintang,752
CLLDCh1R05S03,Chintang,1071
CLLDCh1R05S04,Chintang,2439
CLLDCh1R05S05,Chintang,2715
CLLDCh1R05S06,Chintang,2465
CLLDCh1R06S01,Chintang,3557
CLLDCh1R06S02,Chintang,2976
CLLDCh1R06S03,Chintang,3555
CLLDCh1R06S04,Chintang,2283
CLLDCh1R07S01,Chintang,1479
CLLDCh1R07S02,Chintang,2007
CLLDCh1R07S03,Chintang,729
CLLDCh1R07S04,Chintang,545
CLLDCh1R07S05,Chintang,1019
CLLDCh1R07S06,Chintang,2096
CLLDCh1R07S07,Chintang,1220
CLLDCh1R08S01,Chintang,2172
CLLDCh1R08S02,Chintang,1397
CLLDCh1R08S03,Chintang,874
CLLDCh1R08S04,Chintang,893
CLLDCh1R08S05,Chintang,2781
CLLDCh1R08S06,Chintang,1149
CLLDCh1R09S01,Chintang,1192
CLLDCh1R09S02,Chintang,885
CLLDCh1R09S03,Chintang,1071
CLLDCh1R09S04,Chintang,1229
CLLDCh1R09S05,Chintang,1191
CLLDCh1R09S06,Chintang,1746
CLLDCh1R09S07,Chintang,2813
CLLDCh1R09S08,Chintang,1764
CLLDCh1R10S01,Chintang,1213
CLLDCh1R10S02,Chintang,628
CLLDCh1R10S03,Chintang,1922
CLLDCh1R10S04,Chintang,862
CLLDCh1R10S05,Chintang,830
CLLDCh1R10S06,Chintang,1392
CLLDCh1R10S07,Chintang,1116
CLLDCh1R10S08,Chintang,1019
CLLDCh1R10S09,Chintang,1831
CLLDCh1R11S01,Chintang,589
CLLDCh1R11S02,Chintang,1144
CLLDCh1R11S03,Chintang,1605
CLLDCh1R11S04,Chintang,785
CLLDCh1R11S05,Chintang,1470
CLLDCh1R11S06,Chintang,726
CLLDCh1R11S07,Chintang,1684
CLLDCh1R11S08,Chintang,935
CLLDCh1R11S09,Chintang,1005
CLLDCh1R12S01,Chintang,1797
CLLDCh1R12S02,Chintang,1790
CLLDCh1R12S03,Chintang,1773
CLLDCh1R12S04,Chintang,1818
CLLDCh1R12S05,Chintang,1197
CLLDCh1R13S01,Chintang,1900
CLLDCh1R13S02,Chintang,3615
CLLDCh1R13S03,Chintang,1760
CLLDCh1R13S04,Chintang,1803
CLLDCh1R13S05,Chintang,1776
CLLDCh2R01S01a,Chintang,2958
CLLDCh2R01S01b,Chintang,1569
CLLDCh2R01S02a,Chintang,1810
CLLDCh2R01S02b,Chintang,2183
CLLDCh2R01S03,Chintang,1480
CLLDCh2R01S04,Chintang,975
CLLDCh2R02S01,Chintang,1915
CLLDCh2R02S02,Chintang,430
CLLDCh2R02S03,Chintang,1126
CLLDCh2R02S04,Chintang,2202
CLLDCh2R02S05,Chintang,1207
CLLDCh2R02S06,Chintang,1566
CLLDCh2R02S07,Chintang,1820
CLLDCh2R02S08,Chintang,1867
CLLDCh2R02S09,Chintang,1565
CLLDCh2R02S10,Chintang,1801
CLLDCh2R03S01,Chintang,1500
CLLDCh2R03S02,Chintang,1287
CLLDCh2R03S03,Chintang,3511
CLLDCh2R03S04,Chintang,3530
CLLDCh2R03S05,Chintang,590
CLLDCh2R03S06b,Chintang,2524
CLLDCh2R04S01,Chintang,2246
CLLDCh2R04S02,Chintang,1633
CLLDCh2R04S03,Chintang,1455
CLLDCh2R04S04,Chintang,3274
CLLDCh2R04S05,Chintang,2748
CLLDCh2R05S01,Chintang,1274
CLLDCh2R05S02,Chintang,3558
CLLDCh2R05S03,Chintang,1747
CLLDCh2R05S04,Chintang,585
CLLDCh2R05S05,Chintang,1831
CLLDCh2R06S01,Chintang,687
CLLDCh2R06S02,Chintang,3658
CLLDCh2R06S03,Chintang,1538
CLLDCh2R06S04,Chintang,2673
CLLDCh2R06S05,Chintang,2005
CLLDCh2R06S06,Chintang,1211
CLLDCh2R06S07,Chintang,2456
CLLDCh2R07S01,Chintang,3593
CLLDCh2R07S02,Chintang,2865
CLLDCh2R07S03,Chintang,769
CLLDCh2R07S04,Chintang,2514
CLLDCh2R07S05,Chintang,897
CLLDCh2R08S01,Chintang,3637
CLLDCh2R08S02,Chintang,1397
CLLDCh2R08S03,Chintang,821
CLLDCh2R08S04,Chintang,2914
CLLDCh2R08S05,Chintang,685
CLLDCh2R08S06,Chintang,881
CLLDCh2R08S07,Chintang,550
CLLDCh2R09S01,Chintang,1190
CLLDCh2R09S02,Chintang,1595
CLLDCh2R09S03,Chintang,766
CLLDCh2R09S04,Chintang,1724
CLLDCh2R09S05,Chintang,714
CLLDCh2R09S06,Chintang,3639
CLLDCh2R10S01,Chintang,1134
CLLDCh2R10S02,Chintang,1310
CLLDCh2R10S03,Chintang,1462
CLLDCh2R10S04,Chintang,1240
CLLDCh2R10S05,Chintang,1641
CLLDCh2R10S06,Chintang,663
CLLDCh2R10S07,Chintang,744
CLLDCh2R10S08,Chintang,720
CLLDCh2R10S09,Chintang,211
CLLDCh2R10S10,Chintang,878
CLLDCh2R10S11,Chintang,824
CLLDCh2R11S01,Chintang,1985
CLLDCh2R11S02,Chintang,1537
CLLDCh2R11S03,Chintang,750
CLLDCh2R11S04,Chintang,1194
CLLDCh2R11S05,Chintang,1278
CLLDCh2R11S06,Chintang,1317
CLLDCh2R11S07,Chintang,467
CLLDCh2R11S09,Chintang,1230
CLLDCh2R12S01,Chintang,1881
CLLDCh2R12S02,Chintang,1445
CLLDCh2R12S03,Chintang,616
CLLDCh2R12S04,Chintang,1257
CLLDCh2R12S05,Chintang,755
CLLDCh2R12S06,Chintang,1684
CLLDCh2R12S07,Chintang,1953
CLLDCh2R12S08,Chintang,1637
CLLDCh2R13S01,Chintang,1803
CLLDCh2R13S02,Chintang,1720
CLLDCh2R13S03,Chintang,1811
CLLDCh2R13S04,Chintang,1823
CLLDCh2R13S05,Chintang,1180
CLLDCh2R14S01,Chintang,1530
CLLDCh2R14S02,Chintang,1354
CLLDCh2R14S03,Chintang,3667
CLLDCh2R14S04,Chintang,1799
CLLDCh2R14S05,Chintang,1647
CLLDCh2R14S06,Chintang,790
CLLDCh3R01S01a,Chintang,1229
CLLDCh3R01S01b,Chintang,1175
CLLDCh3R01S02,Chintang,2215
CLLDCh3R01S03,Chintang,1931
CLLDCh3R01S04a,Chintang,1329
CLLDCh3R02S01,Chintang,2243
CLLDCh3R02S02,Chintang,1239
CLLDCh3R02S03,Chintang,3469
CLLDCh3R02S04,Chintang,3397
CLLDCh3R02S05,Chintang,1612
CLLDCh3R02S06,Chintang,2028
CLLDCh3R03S01,Chintang,2191
CLLDCh3R03S02a,Chintang,1657
CLLDCh3R03S02b,Chintang,2135
CLLDCh3R03S03,Chintang,3485
CLLDCh3R03S04,Chintang,2696
CLLDCh3R03S05,Chintang,995
CLLDCh3R04S01,Chintang,1370
CLLDCh3R04S02,Chintang,615
CLLDCh3R04S03,Chintang,2923
CLLDCh3R04S04,Chintang,776
CLLDCh3R04S05a,Chintang,572
CLLDCh3R04S05b,Chintang,2134
CLLDCh3R04S06,Chintang,2145
CLLDCh3R04S07,Chintang,1931
CLLDCh3R05S01,Chintang,2890
CLLDCh3R05S02,Chintang,676
CLLDCh3R05S03,Chintang,1542
CLLDCh3R05S04,Chintang,1192
CLLDCh3R05S05,Chintang,1836
CLLDCh3R05S06,Chintang,1046
CLLDCh3R05S07,Chintang,2298
CLLDCh3R05S08,Chintang,1185
CLLDCh3R06S01,Chintang,3599
CLLDCh3R06S02,Chintang,3555
CLLDCh3R06S03,Chintang,3572
CLLDCh3R06S04,Chintang,1960
CLLDCh3R06S05,Chintang,1642
CLLDCh3R07S01,Chintang,2842
CLLDCh3R07S02,Chintang,581
CLLDCh3R07S03,Chintang,3543
CLLDCh3R07S04,Chintang,2812
CLLDCh3R07S05,Chintang,736
CLLDCh3R08S01,Chintang,2651
CLLDCh3R08S02,Chintang,928
CLLDCh3R08S03,Chintang,1286
CLLDCh3R08S04,Chintang,1223
CLLDCh3R08S05,Chintang,1386
CLLDCh3R08S06,Chintang,2209
CLLDCh3R08S07,Chintang,1707
CLLDCh3R09S01,Chintang,373
CLLDCh3R09S02,Chintang,1046
CLLDCh3R09S03,Chintang,1773
CLLDCh3R09S04,Chintang,783
CLLDCh3R09S05,Chintang,973
CLLDCh3R09S06,Chintang,1914
CLLDCh3R09S07,Chintang,469
CLLDCh3R09S08,Chintang,1793
CLLDCh3R09S09,Chintang,1824
CLLDCh3R10S01,Chintang,1134
CLLDCh3R10S02,Chintang,1310
CLLDCh3R10S03,Chintang,1528
CLLDCh3R10S04,Chintang,2057
CLLDCh3R10S05,Chintang,1245
CLLDCh3R10S07,Chintang,1794
CLLDCh3R10S08,Chintang,1543
CLLDCh3R10S09,Chintang,211
CLLDCh3R10S10,Chintang,878
CLLDCh3R10S11,Chintang,1033
CLLDCh3R11S01,Chintang,948
CLLDCh3R11S02,Chintang,1354
CLLDCh3R11S03,Chintang,941
CLLDCh3R11S04,Chintang,1162
CLLDCh3R11S05,Chintang,648
CLLDCh3R11S06,Chintang,718
CLLDCh3R11S07,Chintang,2393
CLLDCh3R11S08,Chintang,1119
CLLDCh3R11S09,Chintang,1330
CLLDCh3R11S10,Chintang,885
CLLDCh3R11S11,Chintang,1436
CLLDCh3R11S12,Chintang,1019
CLLDCh3R12S01,Chintang,849
CLLDCh3R12S02,Chintang,930
CLLDCh3R12S03,Chintang,958
CLLDCh3R12S04,Chintang,1273
CLLDCh3R12S05,Chintang,1690
CLLDCh3R12S06,Chintang,1936
CLLDCh3R12S07,Chintang,1069
CLLDCh3R12S08,Chintang,1953
CLLDCh3R12S09,Chintang,1637
CLLDCh3R12S10,Chintang,1051
CLLDCh3R13S01,Chintang,1612
CLLDCh3R13S02,Chintang,1879
CLLDCh3R13S03,Chintang,1807
CLLDCh3R13S04,Chintang,1611
CLLDCh3R13S05,Chintang,1211
CLLDCh3R14S01,Chintang,2100
CLLDCh3R14S02,Chintang,2180
CLLDCh3R14S03,Chintang,1800
CLLDCh3R14S04,Chintang,1975
CLLDCh3R14S05,Chintang,2913
CLLDCh4R01S01,Chintang,1870
CLLDCh4R01S02,Chintang,1205
CLLDCh4R01S03,Chintang,1973
CLLDCh4R01S04,Chintang,2245
CLLDCh4R01S05a,Chintang,2436
CLLDCh4R01S05b,Chintang,1202
CLLDCh4R02S01,Chintang,3388
CLLDCh4R02S02a,Chintang,1182
CLLDCh4R02S02b,Chintang,3440
CLLDCh4R02S03,Chintang,3410
CLLDCh4R02S04,Chintang,2373
CLLDCh4R03S02,Chintang,2996
CLLDCh4R03S03,Chintang,3448
CLLDCh4R03S04,Chintang,1196
CLLDCh4R03S05,Chintang,2419
CLLDCh4R04S01,Chintang,2536
CLLDCh4R04S02,Chintang,2757
CLLDCh4R04S03,Chintang,1260
CLLDCh4R04S04,Chintang,2268
CLLDCh4R04S05,Chintang,1743
CLLDCh4R04S06,Chintang,3592
CLLDCh4R05S01,Chintang,3296
CLLDCh4R05S02,Chintang,2248
CLLDCh4R05S03,Chintang,1438
CLLDCh4R05S04,Chintang,3000
CLLDCh4R05S05,Chintang,2530
CLLDCh4R05S06,Chintang,820
CLLDCh4R05S07,Chintang,1295
CLLDCh4R06S01,Chintang,3491
CLLDCh4R06S02,Chintang,2059
CLLDCh4R06S03,Chintang,3327
CLLDCh4R06S04,Chintang,1006
CLLDCh4R06S05,Chintang,1548
CLLDCh4R06S06,Chintang,1395
CLLDCh4R07S01,Chintang,972
CLLDCh4R07S02,Chintang,2596
CLLDCh4R07S03,Chintang,732
CLLDCh4R07S04,Chintang,2865
CLLDCh4R07S05,Chintang,2277
CLLDCh4R07S06,Chintang,1541
CLLDCh4R07S07,Chintang,276
CLLDCh4R07S08,Chintang,1220
CLLDCh4R08S01,Chintang,826
CLLDCh4R08S02,Chintang,2739
CLLDCh4R08S03,Chintang,1825
CLLDCh4R08S04,Chintang,1857
CLLDCh4R08S05,Chintang,1723
CLLDCh4R08S06,Chintang,688
CLLDCh4R08S07,Chintang,318
CLLDCh4R08S08,Chintang,1092
CLLDCh4R09S01,Chintang,1961
CLLDCh4R09S02,Chintang,529
CLLDCh4R09S03,Chintang,630
CLLDCh4R09S04,Chintang,734
CLLDCh4R09S05,Chintang,1102
CLLDCh4R09S06,Chintang,1930
CLLDCh4R09S07,Chintang,1773
CLLDCh4R09S08,Chintang,1749
CLLDCh4R10S01,Chintang,1066
CLLDCh4R10S02,Chintang,1860
CLLDCh4R10S03,Chintang,933
CLLDCh4R10S05,Chintang,1528
CLLDCh4R10S06,Chintang,863
CLLDCh4R10S07,Chintang,337
CLLDCh4R10S08,Chintang,1275
CLLDCh4R10S09,Chintang,880
CLLDCh4R10S10,Chintang,1364
CLLDCh4R10S11,Chintang,995
CLLDCh4R11S01,Chintang,535
CLLDCh4R11S02,Chintang,1039
CLLDCh4R11S03,Chintang,911
CLLDCh4R11S04,Chintang,1081
CLLDCh4R11S05,Chintang,864
CLLDCh4R11S06,Chintang,2025
CLLDCh4R11S07,Chintang,1570
CLLDCh4R11S08,Chintang,718
CLLDCh4R11S09,Chintang,1220
CLLDCh4R11S10,Chintang,1158
CLLDCh4R11S11,Chintang,1294
CLLDCh4R12S01,Chintang,1167
CLLDCh4R12S02,Chintang,1677
CLLDCh4R12S03,Chintang,817
CLLDCh4R12S04,Chintang,1074
CLLDCh4R12S05,Chintang,515
CLLDCh4R12S06,Chintang,2045
CLLDCh4R12S07,Chintang,1924
CLLDCh4R12S08,Chintang,2658
CLLDCh4R13S01,Chintang,1739
CLLDCh4R13S02,Chintang,1791
CLLDCh4R13S03,Chintang,1798
CLLDCh4R13S04,Chintang,1784
CLLDCh4R13S05,Chintang,1402
CLLDCh4R14S01,Chintang,1719
CLLDCh4R14S02,Chintang,1839
CLLDCh4R14S03,Chintang,3601
CLLDCh4R14S04,Chintang,1807
CLLDCh4R14S05,Chintang,1827
HIZ-1999-05-20,Indonesian,2795
HIZ-1999-06-05,Indonesian,1730
HIZ-1999-06-24,Indonesian,3371
HIZ-1999-07-03,Indonesian,1513
HIZ-1999-07-24,Indonesian,2793
HIZ-1999-08-08,Indonesian,3449
HIZ-1999-09-03,Indonesian,2615
HIZ-1999-09-10,Indonesian,2596
HIZ-1999-10-04,Indonesian,2181
HIZ-1999-10-20,Indonesian,2457
HIZ-1999-10-29,Indonesian,2869
HIZ-1999-11-27,Indonesian,2370
HIZ-1999-12-17,Indonesian,3039
HIZ-2000-01-21,Indonesian,1987
HIZ-2000-02-12,Indonesian,2818
HIZ-2000-03-03,Indonesian,3600
HIZ-2000-03-10,Indonesian,2696
HIZ-2000-03-24,Indonesian,3150
HIZ-2000-04-14,Indonesian,3594
HIZ-2000-04-28,Indonesian,3363
HIZ-2000-05-05,Indonesian,3540
HIZ-2000-05-12,Indonesian,2990
HIZ-2000-05-19,Indonesian,2633
HIZ-2000-06-02,Indonesian,3228
HIZ-2000-06-09,Indonesian,3037
HIZ-2000-06-23,Indonesian,3000
HIZ-2000-07-21,Indonesian,2582
HIZ-2000-08-04,Indonesian,2783
HIZ-2000-08-11,Indonesian,3540
HIZ-2000-08-25,Indonesian,3042
HIZ-2000-09-08,Indonesian,447
HIZ-2000-09-22,Indonesian,2503
HIZ-2000-10-13,Indonesian,3523
HIZ-2000-11-17,Indonesian,2734
HIZ-2000-11-24,Indonesian,2520
HIZ-2000-12-08,Indonesian,3109
HIZ-2001-01-12,Indonesian,2933
HIZ-2001-01-19,Indonesian,932
HIZ-2001-02-02,Indonesian,3607
HIZ-2001-02-09,Indonesian,3374
HIZ-2001-02-16,Indonesian,3360
HIZ-2001-02-23,Indonesian,3663
HIZ-2001-03-02,Indonesian,3590
HIZ-2001-03-09,Indonesian,3606
HIZ-2001-03-16,Indonesian,2185
HIZ-2001-03-23,Indonesian,2370
HIZ-2001-03-30,Indonesian,693
HIZ-2001-04-06,Indonesian,3384
HIZ-2001-04-20,Indonesian,3162
HIZ-2001-04-27,Indonesian,2467
HIZ-2001-04-30,Indonesian,3135
HIZ-2001-05-11,Indonesian,2883
HIZ-2001-05-18,Indonesian,2959
HIZ-2001-06-01,Indonesian,3073
HIZ-2001-06-15,Indonesian,3682
HIZ-2001-06-22,Indonesian,1069
HIZ-2001-06-29,Indonesian,2326
HIZ-2001-07-13,Indonesian,2780
HIZ-2001-07-28,Indonesian,2979
HIZ-2001-08-03,Indonesian,1387
HIZ-2001-08-11,Indonesian,3654
HIZ-2001-08-24,Indonesian,2415
HIZ-2001-09-07,Indonesian,2396
HIZ-2001-09-21,Indonesian,2811
HIZ-2001-09-28,Indonesian,3186
HIZ-2001-10-05,Indonesian,2880
HIZ-2001-10-22,Indonesian,1930
HIZ-2001-11-16,Indonesian,1479
HIZ-2001-11-23,Indonesian,2251
HIZ-2001-11-30,Indonesian,3143
HIZ-2001-12-10,Indonesian,2928
HIZ-2001-12-14,Indonesian,3051
HIZ-2001-12-19,Indonesian,3585
HIZ-2002-01-10,Indonesian,2120
HIZ-2002-01-18,Indonesian,3486
HIZ-2002-01-25,Indonesian,3590
HIZ-2002-02-15,Indonesian,2841
HIZ-2002-02-21,Indonesian,2111
HIZ-2002-02-28,Indonesian,2829
HIZ-2002-03-10,Indonesian,2732
HIZ-2002-03-22,Indonesian,1906
HIZ-2002-03-28,Indonesian,2453
HIZ-2002-04-05,Indonesian,1890
HIZ-2002-04-12,Indonesian,3575
HIZ-2002-04-27,Indonesian,2296
HIZ-2002-05-03,Indonesian,2810
HIZ-2002-05-24,Indonesian,2278
HIZ-2002-05-31,Indonesian,2516
HIZ-2002-06-07,Indonesian,3330
HIZ-2002-06-17,Indonesian,2869
HIZ-2002-07-05,Indonesian,2864
HIZ-2002-07-19,Indonesian,1040
HIZ-2002-07-25,Indonesian,3005
HIZ-2002-08-13,Indonesian,2649
HIZ-2002-08-19,Indonesian,3271
HIZ-2002-08-29,Indonesian,2498
HIZ-2002-09-06,Indonesian,3571
HIZ-2002-09-25,Indonesian,3175
HIZ-2002-09-30,Indonesian,2298
HIZ-2002-10-07,Indonesian,3576
HIZ-2002-10-17,Indonesian,3559
HIZ-2002-11-07,Indonesian,3522
HIZ-2002-11-14,Indonesian,3600
HIZ-2002-11-27,Indonesian,1421
HIZ-2002-12-11,Indonesian,3580
HIZ-2002-12-18,Indonesian,3605
HIZ-2003-01-09,Indonesian,3310
HIZ-2003-01-15,Indonesian,3586
HIZ-2003-01-31,Indonesian,3557
HIZ-2003-02-13,Indonesian,3601
HIZ-2003-02-19,Indonesian,3572
HIZ-2003-03-12,Indonesian,3580
HIZ-2003-03-18,Indonesian,3509
HIZ-2003-03-27,Indonesian,3412
HIZ-2003-04-10,Indonesian,3364
HIZ-2003-04-23,Indonesian,3610
HIZ-2003-04-29,Indonesian,3610
HIZ-2003-05-07,Indonesian,3610
HIZ-2003-05-21,Indonesian,3610
HIZ-2003-06-11,Indonesian,3610
HIZ-2003-07-09,Indonesian,3667
HIZ-2003-07-30,Indonesian,3360
HIZ-2003-08-13,Indonesian,3762
HIZ-2003-08-20,Indonesian,3326
IDO-1999-05-11,Indonesian,2752
IDO-1999-05-26,Indonesian,2513
IDO-1999-06-12,Indonesian,3763
IDO-1999-06-19,Indonesian,1362
IDO-1999-08-05,Indonesian,3632
IDO-1999-08-12,Indonesian,3277
IDO-1999-08-25,Indonesian,3324
IDO-1999-09-03,Indonesian,2674
IDO-1999-09-10,Indonesian,2394
IDO-1999-09-17,Indonesian,2326
IDO-1999-10-04,Indonesian,2918
IDO-1999-10-15,Indonesian,2361
IDO-1999-11-26,Indonesian,3113
IDO-1999-12-17,Indonesian,3106
IDO-2000-01-14,Indonesian,2899
IDO-2000-01-21,Indonesian,3600
IDO-2000-01-28,Indonesian,3577
IDO-2000-02-11,Indonesian,3593
IDO-2000-03-03,Indonesian,2831
IDO-2000-03-17,Indonesian,3535
IDO-2000-04-07,Indonesian,3534
IDO-2000-04-14,Indonesian,2810
IDO-2000-05-05,Indonesian,2922
IDO-2000-05-19,Indonesian,3001
IDO-2000-06-02,Indonesian,3315
IDO-2000-06-23,Indonesian,3600
IDO-2000-07-21,Indonesian,3709
IDO-2000-07-28,Indonesian,3601
IDO-2000-08-04,Indonesian,3140
IDO-2000-08-11,Indonesian,3917
IDO-2000-08-25,Indonesian,3597
IDO-2000-09-08,Indonesian,3718
IDO-2000-09-15,Indonesian,3514
IDO-2000-09-22,Indonesian,3306
IDO-2000-10-06,Indonesian,1771
IDO-2000-10-13,Indonesian,3691
IDO-2000-11-10,Indonesian,3610
IDO-2000-11-24,Indonesian,3304
IDO-2000-12-01,Indonesian,2760
IDO-2000-12-08,Indonesian,3600
IDO-2000-12-15,Indonesian,3610
IDO-2001-01-05,Indonesian,3516
IDO-2001-02-02,Indonesian,3047
IDO-2001-02-09,Indonesian,2839
IDO-2001-02-16,Indonesian,3296
IDO-2001-02-23,Indonesian,3446
IDO-2001-03-02,Indonesian,3556
IDO-2001-03-16,Indonesian,3281
IDO-2001-03-30,Indonesian,3601
IDO-2001-04-06,Indonesian,3553
IDO-2001-04-20,Indonesian,3393
IDO-2001-04-27,Indonesian,3505
IDO-2001-05-18,Indonesian,3255
IDO-2001-06-01,Indonesian,3567
IDO-2001-06-15,Indonesian,3306
IDO-2001-06-22,Indonesian,3471
IDO-2001-07-13,Indonesian,3083
IDO-2001-07-20,Indonesian,3166
IDO-2001-08-03,Indonesian,2577
IDO-2001-08-10,Indonesian,3594
IDO-2001-08-24,Indonesian,3532
IDO-2001-09-07,Indonesian,3168
IDO-2001-09-21,Indonesian,3451
IDO-2001-09-28,Indonesian,3340
IDO-2001-10-05,Indonesian,3580
IDO-2001-10-12,Indonesian,3474
IDO-2001-10-19,Indonesian,2856
IDO-2001-11-16,Indonesian,2862
IDO-2001-11-30,Indonesian,3513
IDO-2001-12-15,Indonesian,3607
IDO-2001-12-19,Indonesian,3214
IDO-2002-01-10,Indonesian,3555
IDO-2002-01-18,Indonesian,3374
IDO-2002-01-25,Indonesian,3202
IDO-2002-02-15,Indonesian,1920
IDO-2002-02-21,Indonesian,3577
IDO-2002-02-28,Indonesian,2840
IDO-2002-03-08,Indonesian,1604
IDO-2002-03-14,Indonesian,2319
IDO-2002-03-22,Indonesian,3584
IDO-2002-04-05,Indonesian,2339
IDO-2002-04-12,Indonesian,3597
IDO-2002-04-26,Indonesian,2615
IDO-2002-05-03,Indonesian,3064
IDO-2002-05-24,Indonesian,3195
IDO-2002-05-31,Indonesian,2328
IDO-2002-06-07,Indonesian,2718
IDO-2002-06-17,Indonesian,3499
IDO-2002-06-28,Indonesian,2622
LAR-2000-03-06,Indonesian,3270
LAR-2000-03-27,Indonesian,3070
LAR-2000-04-10,Indonesian,1815
LAR-2000-04-24,Indonesian,2524
LAR-2000-05-01,Indonesian,1709
LAR-2000-05-08,Indonesian,3599
LAR-2000-05-22,Indonesian,2683
LAR-2000-05-29,Indonesian,779
LAR-2000-06-25,Indonesian,2375
LAR-2000-06-26,Indonesian,2291
LAR-2000-07-13,Indonesian,2560
LAR-2000-07-17,Indonesian,3175
LAR-2000-07-24,Indonesian,1871
LAR-2000-07-31,Indonesian,3077
LAR-2000-08-08,Indonesian,3309
LAR-2000-08-17,Indonesian,2123
LAR-2000-08-21,Indonesian,2931
LAR-2000-08-26,Indonesian,2381
LAR-2000-09-04,Indonesian,2260
LAR-2000-09-11,Indonesian,1071
LAR-2000-09-18,Indonesian,2667
LAR-2000-10-08,Indonesian,3600
LAR-2000-10-16,Indonesian,2759
LAR-2000-10-23,Indonesian,3127
LAR-2000-11-06,Indonesian,1113
LAR-2000-11-15,Indonesian,1845
LAR-2000-11-20,Indonesian,829
LAR-2000-12-11,Indonesian,2907
LAR-2000-12-16,Indonesian,3599
LAR-2001-01-08,Indonesian,264
LAR-2001-01-15,Indonesian,1721
LAR-2001-01-29,Indonesian,1163
LAR-2001-01-31,Indonesian,1271
LAR-2001-02-05,Indonesian,2728
LAR-2001-02-15,Indonesian,2567
LAR-2001-02-22,Indonesian,2944
LAR-2001-03-01,Indonesian,2805
LAR-2001-03-07,Indonesian,2832
LAR-2001-03-14,Indonesian,3600
LAR-2001-03-21,Indonesian,1350
LAR-2001-04-04,Indonesian,1957
LAR-2001-04-11,Indonesian,3231
LAR-2001-04-19,Indonesian,2780
LAR-2001-04-26,Indonesian,2428
LAR-2001-04-30,Indonesian,2011
LAR-2001-05-10,Indonesian,2612
LAR-2001-05-16,Indonesian,2542
LAR-2001-05-23,Indonesian,2489
LAR-2001-06-06,Indonesian,2286
LAR-2001-06-20,Indonesian,2285
LAR-2001-06-27,Indonesian,2369
LAR-2001-07-05,Indonesian,2317
LAR-2001-07-11,Indonesian,2803
LAR-2001-07-18,Indonesian,2583
LAR-2001-07-25,Indonesian,1923
LAR-2001-08-02,Indonesian,2394
LAR-2001-08-10,Indonesian,2107
LAR-2001-08-16,Indonesian,2455
LAR-2001-08-24,Indonesian,2374
LAR-2001-08-29,Indonesian,2446
LAR-2001-09-07,Indonesian,3600
LAR-2001-09-12,Indonesian,2611
LAR-2001-09-19,Indonesian,3396
LAR-2001-09-26,Indonesian,3059
LAR-2001-10-03,Indonesian,2241
LAR-2001-10-10,Indonesian,2971
LAR-2001-10-24,Indonesian,3295
LAR-2001-11-14,Indonesian,2380
LAR-2001-11-21,Indonesian,1932
LAR-2001-12-05,Indonesian,2468
LAR-2001-12-12,Indonesian,2205
LAR-2001-12-18,Indonesian,2407
LAR-2002-01-09,Indonesian,2160
LAR-2002-01-16,Indonesian,3032
LAR-2002-02-05,Indonesian,3432
LAR-2002-02-09,Indonesian,1471
LAR-2002-02-15,Indonesian,2012
LAR-2002-02-20,Indonesian,3715
LAR-2002-03-13,Indonesian,3415
LAR-2002-03-20,Indonesian,3510
LAR-2002-04-03,Indonesian,3443
LAR-2002-04-10,Indonesian,3712
LAR-2002-04-16,Indonesian,2359
LAR-2002-05-08,Indonesian,2907
LAR-2002-05-15,Indonesian,2910
LAR-2002-05-22,Indonesian,3600
LAR-2002-06-05,Indonesian,2402
LAR-2002-06-19,Indonesian,3652
LAR-2002-06-25,Indonesian,1758
LAR-2002-07-03,Indonesian,2634
LAR-2002-07-10,Indonesian,2210
LAR-2002-07-17,Indonesian,3371
LAR-2002-08-07,Indonesian,3133
LAR-2002-08-21,Indonesian,3663
LAR-2002-09-04,Indonesian,2834
LAR-2002-09-11,Indonesian,3026
LAR-2002-09-18,Indonesian,3599
LAR-2002-10-01,Indonesian,2576
LAR-2002-10-09,Indonesian,2554
LAR-2002-10-16,Indonesian,3604
LAR-2002-11-06,Indonesian,2585
LAR-2002-11-13,Indonesian,2445
LAR-2002-11-26,Indonesian,2687
LAR-2002-12-02,Indonesian,3594
LAR-2003-01-15,Indonesian,3493
LAR-2003-01-23,Indonesian,3029
LAR-2003-01-30,Indonesian,2648
LAR-2003-02-04,Indonesian,3192
LAR-2003-02-20,Indonesian,3149
LAR-2003-02-26,Indonesian,2338
LAR-2003-03-20,Indonesian,3563
LAR-2003-04-03,Indonesian,2518
LAR-2003-04-15,Indonesian,1134
LAR-2003-04-23,Indonesian,3523
LAR-2003-05-02,Indonesian,3479
LAR-2003-05-07,Indonesian,2531
LAR-2003-05-21,Indonesian,3471
LAR-2003-06-11,Indonesian,2124
LAR-2003-06-27,Indonesian,1921
LAR-2003-07-03,Indonesian,2764
LAR-2003-07-16,Indonesian,1845
LAR-2003-07-23,Indonesian,2015
LAR-2003-08-08,Indonesian,2032
LAR-2003-08-19,Indonesian,2871
LAR-2003-08-27,Indonesian,2477
MIC-2000-03-03,Indonesian,3110
MIC-2000-03-20,Indonesian,3538
MIC-2000-04-03,Indonesian,3008
MIC-2000-04-10,Indonesian,2913
MIC-2000-04-24,Indonesian,3399
MIC-2000-05-01,Indonesian,2075
MIC-2000-05-08,Indonesian,1699
MIC-2000-05-15,Indonesian,3602
MIC-2000-05-22,Indonesian,1708
MIC-2000-05-29,Indonesian,2810
MIC-2000-06-05,Indonesian,2798
MIC-2000-06-12,Indonesian,2710
MIC-2000-06-19,Indonesian,2626
MIC-2000-06-26,Indonesian,2683
MIC-2000-07-03,Indonesian,3276
MIC-2000-07-10,Indonesian,2031
MIC-2000-07-17,Indonesian,1699
MIC-2000-07-24,Indonesian,2597
MIC-2000-07-31,Indonesian,1294
MIC-2000-08-08,Indonesian,2690
MIC-2000-08-28,Indonesian,2493
MIC-2000-09-04,Indonesian,2533
MIC-2000-09-11,Indonesian,2784
MIC-2000-09-18,Indonesian,2862
MIC-2000-09-25,Indonesian,1655
MIC-2000-10-02,Indonesian,2288
MIC-2000-10-09,Indonesian,1665
MIC-2000-10-16,Indonesian,2189
MIC-2000-10-23,Indonesian,2314
MIC-2000-10-30,Indonesian,1802
MIC-2000-11-06,Indonesian,2454
MIC-2000-11-13,Indonesian,1060
MIC-2000-11-20,Indonesian,1848
MIC-2000-11-27,Indonesian,1897
MIC-2000-12-04,Indonesian,1865
MIC-2000-12-11,Indonesian,1657
MIC-2000-12-16,Indonesian,1961
MIC-2001-01-08,Indonesian,1715
MIC-2001-01-15,Indonesian,2339
MIC-2001-01-25,Indonesian,2028
MIC-2001-01-31,Indonesian,1987
MIC-2001-02-06,Indonesian,3222
MIC-2001-02-13,Indonesian,2466
MIC-2001-02-22,Indonesian,2097
MIC-2001-02-28,Indonesian,2569
MIC-2001-03-07,Indonesian,2393
MIC-2001-03-13,Indonesian,2576
MIC-2001-03-21,Indonesian,2490
MIC-2001-03-28,Indonesian,2736
MIC-2001-04-04,Indonesian,2592
MIC-2001-04-10,Indonesian,2047
MIC-2001-04-18,Indonesian,2295
MIC-2001-04-25,Indonesian,2807
MIC-2001-04-29,Indonesian,2502
MIC-2001-05-11,Indonesian,2176
MIC-2001-05-17,Indonesian,2499
MIC-2001-05-23,Indonesian,2643
MIC-2001-05-31,Indonesian,2029
MIC-2001-06-07,Indonesian,3019
MIC-2001-06-14,Indonesian,2290
MIC-2001-06-21,Indonesian,2820
MIC-2001-06-28,Indonesian,2435
MIC-2001-07-07,Indonesian,2564
MIC-2001-07-12,Indonesian,2657
MIC-2001-07-19,Indonesian,2702
MIC-2001-07-26,Indonesian,2608
MIC-2001-08-02,Indonesian,2242
MIC-2001-08-09,Indonesian,2867
MIC-2001-08-16,Indonesian,2718
MIC-2001-08-23,Indonesian,2591
MIC-2001-08-30,Indonesian,2225
MIC-2001-09-05,Indonesian,1781
MIC-2001-09-13,Indonesian,2100
MIC-2001-09-19,Indonesian,2083
MIC-2001-09-26,Indonesian,2321
MIC-2001-10-16,Indonesian,1997
MIC-2001-10-29,Indonesian,2405
MIC-2001-11-08,Indonesian,2655
MIC-2001-11-19,Indonesian,2138
MIC-2001-11-28,Indonesian,2220
MIC-2001-12-11,Indonesian,2686
MIC-2001-12-18,Indonesian,2299
MIC-2002-01-02,Indonesian,2539
MIC-2002-01-11,Indonesian,1982
MIC-2002-01-21,Indonesian,2318
PIT-1999-05-30,Indonesian,1287
PIT-1999-06-27,Indonesian,1300
PIT-1999-07-02,Indonesian,3865
PIT-1999-08-01,Indonesian,2640
PIT-1999-08-10,Indonesian,2647
PIT-1999-08-22,Indonesian,3212
PIT-1999-08-29,Indonesian,3459
PIT-1999-09-11,Indonesian,3599
PIT-1999-09-19,Indonesian,3532
PIT-1999-09-26,Indonesian,2828
PIT-1999-10-10,Indonesian,3192
PIT-1999-11-03,Indonesian,3079
PIT-1999-11-14,Indonesian,2966
PIT-1999-11-28,Indonesian,2454
PIT-1999-12-12,Indonesian,3174
PIT-1999-12-27,Indonesian,2588
PIT-1999-12-31,Indonesian,3647
PIT-2000-01-25,Indonesian,3271
PIT-2000-01-28,Indonesian,2048
PIT-2000-01-31,Indonesian,981
PIT-2000-02-12,Indonesian,2980
PIT-2000-02-27,Indonesian,2170
PIT-2000-03-12,Indonesian,2716
PIT-2000-03-18,Indonesian,2594
PIT-2000-03-24,Indonesian,2833
PIT-2000-03-31,Indonesian,2429
PIT-2000-04-09,Indonesian,2901
PIT-2000-04-15,Indonesian,2599
PIT-2000-04-28,Indonesian,2867
PIT-2000-05-05,Indonesian,3609
PIT-2000-05-14,Indonesian,3609
PIT-2000-06-10,Indonesian,2564
PIT-2000-06-17,Indonesian,2745
PIT-2000-06-25,Indonesian,1076
PIT-2000-07-09,Indonesian,1789
PIT-2000-07-15,Indonesian,1711
PIT-2000-08-26,Indonesian,2186
PIT-2000-09-10,Indonesian,2238
PIT-2000-09-17,Indonesian,3542
PIT-2000-09-23,Indonesian,1906
PIT-2000-10-07,Indonesian,3008
PIT-2000-10-14,Indonesian,2526
PIT-2000-11-03,Indonesian,3249
PIT-2000-11-10,Indonesian,2439
PIT-2000-11-17,Indonesian,993
PIT-2000-12-01,Indonesian,1979
PIT-2000-12-08,Indonesian,2721
PIT-2001-01-12,Indonesian,3001
PIT-2001-02-02,Indonesian,3053
PIT-2001-02-09,Indonesian,1361
PIT-2001-02-23,Indonesian,2309
PIT-2001-03-02,Indonesian,1292
PIT-2001-03-09,Indonesian,1353
PIT-2001-03-23,Indonesian,2508
PIT-2001-04-06,Indonesian,2634
PIT-2001-04-20,Indonesian,3337
PIT-2001-05-14,Indonesian,2081
PIT-2001-05-19,Indonesian,1784
PIT-2001-06-11,Indonesian,1951
PIT-2001-06-25,Indonesian,2448
PIT-2001-07-10,Indonesian,2277
PIT-2001-07-16,Indonesian,1490
PIT-2001-07-24,Indonesian,2134
PIT-2001-08-03,Indonesian,1894
PIT-2001-08-11,Indonesian,1691
PIT-2001-08-14,Indonesian,2191
PIT-2001-08-20,Indonesian,2045
PIT-2001-08-28,Indonesian,2146
PIT-2001-09-11,Indonesian,2345
PIT-2001-09-18,Indonesian,1619
PIT-2001-09-25,Indonesian,1905
PIT-2001-10-02,Indonesian,2045
PIT-2001-10-09,Indonesian,1867
PIT-2001-10-26,Indonesian,1866
PIT-2001-11-14,Indonesian,2097
PIT-2001-11-20,Indonesian,646
PIT-2001-12-03,Indonesian,1393
PIT-2001-12-12,Indonesian,1931
PIT-2002-01-07,Indonesian,2009
PIT-2002-01-15,Indonesian,2840
PIT-2002-01-21,Indonesian,1638
PIT-2002-02-07,Indonesian,2125
PIT-2002-02-11,Indonesian,1658
PIT-2002-02-26,Indonesian,2392
PIT-2002-03-04,Indonesian,1845
PIT-2002-03-20,Indonesian,1971
PIT-2002-03-27,Indonesian,2516
PIT-2002-04-01,Indonesian,2461
PIT-2002-04-10,Indonesian,3236
PIT-2002-04-16,Indonesian,1656
PIT-2002-05-01,Indonesian,2337
PIT-2002-05-08,Indonesian,2295
PIT-2002-05-15,Indonesian,1942
PIT-2002-06-04,Indonesian,2394
PIT-2002-06-12,Indonesian,1900
PIT-2002-06-21,Indonesian,1957
PIT-2002-07-12,Indonesian,3439
PIT-2002-07-17,Indonesian,2329
PIT-2002-07-24,Indonesian,1906
PIT-2002-08-13,Indonesian,1905
PIT-2002-08-20,Indonesian,1988
PIT-2002-08-30,Indonesian,2725
PIT-2002-09-06,Indonesian,2622
PIT-2002-09-10,Indonesian,2383
PIT-2002-09-17,Indonesian,3113
PIT-2002-10-01,Indonesian,2826
PIT-2002-10-11,Indonesian,2088
PIT-2002-10-18,Indonesian,2945
PIT-2002-11-01,Indonesian,2440
PIT-2002-11-06,Indonesian,1885
PIT-2002-11-15,Indonesian,2359
PIT-2002-12-02,Indonesian,2266
PIT-2002-12-11,Indonesian,2003
PIT-2002-12-16,Indonesian,2861
PIT-2003-01-06,Indonesian,2220
PIT-2003-01-20,Indonesian,2402
PIT-2003-01-27,Indonesian,2497
PIT-2003-02-03,Indonesian,2557
PIT-2003-02-10,Indonesian,2796
PIT-2003-02-17,Indonesian,2419
PIT-2003-03-04,Indonesian,2079
PIT-2003-03-10,Indonesian,2542
PIT-2003-03-17,Indonesian,2628
PIT-2003-04-11,Indonesian,2582
PIT-2003-04-21,Indonesian,2092
PIT-2003-05-05,Indonesian,2835
PIT-2003-05-12,Indonesian,2329
PIT-2003-05-19,Indonesian,2306
PIT-2003-06-09,Indonesian,3185
PIT-2003-06-20,Indonesian,2962
PIT-2003-06-27,Indonesian,3098
PIT-2003-07-09,Indonesian,2462
PIT-2003-07-18,Indonesian,2308
PIT-2003-07-25,Indonesian,2501
PIT-2003-08-12,Indonesian,2711
PIT-2003-08-19,Indonesian,1856
PIT-2003-08-29,Indonesian,2444
PRI-2000-03-04,Indonesian,2362
PRI-2000-03-11,Indonesian,2970
PRI-2000-03-19,Indonesian,3182
PRI-2000-04-01,Indonesian,3701
PRI-2000-04-08,Indonesian,1317
PRI-2000-05-22,Indonesian,2698
PRI-2000-05-27,Indonesian,2730
PRI-2000-06-03,Indonesian,2491
PRI-2000-06-10,Indonesian,2388
PRI-2000-06-17,Indonesian,2600
PRI-2000-06-24,Indonesian,2077
PRI-2000-07-01,Indonesian,2429
PRI-2000-07-08,Indonesian,2687
PRI-2000-07-15,Indonesian,1500
PRI-2000-07-22,Indonesian,1844
PRI-2000-07-29,Indonesian,2244
PRI-2000-08-05,Indonesian,2859
PRI-2000-09-02,Indonesian,2235
PRI-2000-09-16,Indonesian,2157
PRI-2000-09-23,Indonesian,1971
PRI-2000-09-30,Indonesian,1391
PRI-2000-10-07,Indonesian,1667
PRI-2000-10-14,Indonesian,2476
PRI-2000-11-05,Indonesian,2477
PRI-2000-11-11,Indonesian,2242
PRI-2000-11-18,Indonesian,1663
PRI-2000-11-26,Indonesian,1164
PRI-2000-12-02,Indonesian,2466
PRI-2000-12-09,Indonesian,1540
PRI-2000-12-15,Indonesian,2487
PRI-2001-01-05,Indonesian,3061
PRI-2001-01-12,Indonesian,2125
PRI-2001-01-26,Indonesian,2170
PRI-2001-02-02,Indonesian,3013
PRI-2001-02-09,Indonesian,2273
PRI-2001-02-16,Indonesian,2516
PRI-2001-03-01,Indonesian,2512
PRI-2001-03-10,Indonesian,2018
PRI-2001-03-16,Indonesian,2367
PRI-2001-03-23,Indonesian,2516
PRI-2001-03-30,Indonesian,2761
PRI-2001-04-06,Indonesian,2361
PRI-2001-04-10,Indonesian,3610
PRI-2001-04-17,Indonesian,2644
PRI-2001-04-25,Indonesian,2660
PRI-2001-05-09,Indonesian,2250
PRI-2001-05-17,Indonesian,2806
PRI-2001-05-23,Indonesian,2098
PRI-2001-05-30,Indonesian,2693
PRI-2001-06-07,Indonesian,2622
PRI-2001-06-14,Indonesian,2473
PRI-2001-06-21,Indonesian,2830
PRI-2001-06-27,Indonesian,3117
PRI-2001-07-12,Indonesian,1891
PRI-2001-07-19,Indonesian,2571
PRI-2001-07-25,Indonesian,2735
PRI-2001-08-02,Indonesian,1624
PRI-2001-08-08,Indonesian,3407
PRI-2001-08-14,Indonesian,3300
PRI-2001-08-24,Indonesian,2008
PRI-2001-08-29,Indonesian,2663
PRI-2001-09-06,Indonesian,2643
PRI-2001-09-13,Indonesian,2257
PRI-2001-09-19,Indonesian,2298
PRI-2001-09-26,Indonesian,3296
PRI-2001-10-11,Indonesian,3006
PRI-2001-10-17,Indonesian,2134
PRI-2001-11-05,Indonesian,3514
PRI-2001-11-12,Indonesian,2847
PRI-2001-11-22,Indonesian,2462
PRI-2001-12-10,Indonesian,2639
PRI-2001-12-17,Indonesian,2505
PRI-2002-01-03,Indonesian,3011
PRI-2002-01-08,Indonesian,2208
PRI-2002-01-21,Indonesian,3025
PRI-2002-02-05,Indonesian,2292
PRI-2002-02-18,Indonesian,2265
PRI-2002-03-08,Indonesian,2418
PRI-2002-03-15,Indonesian,2745
PRI-2002-03-25,Indonesian,2164
PRI-2002-04-04,Indonesian,2949
PRI-2002-04-15,Indonesian,2585
PRI-2002-04-22,Indonesian,2585
PRI-2002-05-10,Indonesian,1944
PRI-2002-05-17,Indonesian,2104
PRI-2002-05-28,Indonesian,2076
PRI-2002-06-11,Indonesian,2863
PRI-2002-06-18,Indonesian,2634
PRI-2002-06-27,Indonesian,2805
PRI-2002-07-10,Indonesian,2402
PRI-2002-07-18,Indonesian,2680
PRI-2002-07-31,Indonesian,2597
PRI-2002-08-12,Indonesian,2710
PRI-2002-08-20,Indonesian,2385
PRI-2002-08-27,Indonesian,2742
PRI-2002-09-04,Indonesian,3172
PRI-2002-09-12,Indonesian,2079
PRI-2002-09-25,Indonesian,2369
PRI-2002-10-09,Indonesian,2459
PRI-2002-10-18,Indonesian,2742
PRI-2002-10-28,Indonesian,2509
PRI-2002-11-05,Indonesian,2325
PRI-2002-11-13,Indonesian,2364
PRI-2002-11-20,Indonesian,2822
PRI-2002-12-04,Indonesian,2476
PRI-2002-12-11,Indonesian,2706
PRI-2003-01-07,Indonesian,2869
PRI-2003-01-17,Indonesian,2358
PRI-2003-01-29,Indonesian,2568
PRI-2003-02-10,Indonesian,2531
PRI-2003-02-20,Indonesian,2007
PRI-2003-02-28,Indonesian,3021
PRI-2003-03-20,Indonesian,2126
PRI-2003-04-03,Indonesian,2025
PRI-2003-04-12,Indonesian,3401
PRI-2003-04-28,Indonesian,1908
PRI-2003-05-05,Indonesian,2318
PRI-2003-05-20,Indonesian,2756
PRI-2003-05-27,Indonesian,2968
PRI-2003-06-05,Indonesian,2347
PRI-2003-06-26,Indonesian,1361
PRI-2003-07-04,Indonesian,3145
PRI-2003-08-07,Indonesian,2724
PRI-2003-08-20,Indonesian,2198
RIS-1999-05-09,Indonesian,3522
RIS-1999-06-19,Indonesian,419
RIS-1999-06-26,Indonesian,3611
RIS-1999-07-10,Indonesian,3749
RIS-1999-08-06,Indonesian,1404
RIS-1999-08-07,Indonesian,2300
RIS-1999-08-26,Indonesian,1793
RIS-1999-08-31,Indonesian,1488
RIS-1999-09-11,Indonesian,2739
RIS-1999-09-19,Indonesian,2455
RIS-1999-09-26,Indonesian,1871
RIS-1999-10-10,Indonesian,3453
RIS-1999-11-03,Indonesian,2178
RIS-1999-11-14,Indonesian,1689
RIS-1999-11-19,Indonesian,3554
RIS-1999-11-28,Indonesian,3227
RIS-1999-12-12,Indonesian,3506
RIS-1999-12-25,Indonesian,1650
RIS-1999-12-30,Indonesian,1596
RIS-2000-01-24,Indonesian,1500
RIS-2000-01-28,Indonesian,1767
RIS-2000-01-31,Indonesian,1014
RIS-2000-02-05,Indonesian,2608
RIS-2000-02-13,Indonesian,1762
RIS-2000-02-20,Indonesian,1458
RIS-2000-03-04,Indonesian,3574
RIS-2000-03-11,Indonesian,3610
RIS-2000-03-18,Indonesian,1665
RIS-2000-03-24,Indonesian,3000
RIS-2000-04-09,Indonesian,2866
RIS-2000-04-15,Indonesian,3296
RIS-2000-04-28,Indonesian,3426
RIS-2000-05-05,Indonesian,2022
RIS-2000-05-12,Indonesian,1851
RIS-2000-05-18,Indonesian,2627
RIS-2000-06-04,Indonesian,3406
RIS-2000-06-17,Indonesian,2932
RIS-2000-06-24,Indonesian,2853
RIS-2000-07-15,Indonesian,2371
RIS-2000-07-29,Indonesian,1845
RIS-2000-08-05,Indonesian,2295
RIS-2000-08-26,Indonesian,2047
RIS-2000-09-10,Indonesian,3085
RIS-2000-09-17,Indonesian,3538
RIS-2000-09-23,Indonesian,3112
RIS-2000-10-07,Indonesian,2190
RIS-2000-10-14,Indonesian,3540
RIS-2000-10-20,Indonesian,3713
RIS-2000-11-10,Indonesian,3610
RIS-2000-11-17,Indonesian,3252
RIS-2000-12-01,Indonesian,2882
RIS-2000-12-08,Indonesian,2911
RIS-2001-01-12,Indonesian,2714
RIS-2001-02-02,Indonesian,3610
RIS-2001-02-09,Indonesian,1604
RIS-2001-02-16,Indonesian,3111
RIS-2001-02-23,Indonesian,2840
RIS-2001-03-02,Indonesian,2023
RIS-2001-03-09,Indonesian,3176
RIS-2001-03-16,Indonesian,1071
RIS-2001-03-23,Indonesian,2093
RIS-2001-03-30,Indonesian,2710
RIS-2001-04-06,Indonesian,2369
RIS-2001-04-20,Indonesian,2788
RIS-2001-04-28,Indonesian,3512
RIS-2001-05-14,Indonesian,1612
RIS-2001-05-19,Indonesian,3065
RIS-2001-05-25,Indonesian,2017
RIS-2001-06-11,Indonesian,2295
RIS-2001-06-25,Indonesian,2140
RIS-2001-07-10,Indonesian,2392
RIS-2001-07-16,Indonesian,2319
RIS-2001-07-24,Indonesian,2392
RIS-2001-08-03,Indonesian,1657
RIS-2001-08-11,Indonesian,2410
RIS-2001-08-14,Indonesian,2319
RIS-2001-08-20,Indonesian,2785
RIS-2001-08-28,Indonesian,2661
RIS-2001-09-18,Indonesian,2900
RIS-2001-10-02,Indonesian,2198
RIS-2001-10-09,Indonesian,2092
RIS-2001-10-26,Indonesian,2240
RIS-2001-11-14,Indonesian,1829
RIS-2001-11-20,Indonesian,981
RIS-2001-12-03,Indonesian,1705
RIS-2001-12-12,Indonesian,1661
RIS-2002-01-07,Indonesian,2591
RIS-2002-01-15,Indonesian,2261
RIS-2002-01-21,Indonesian,3055
RIS-2002-02-07,Indonesian,2309
RIS-2002-02-11,Indonesian,2443
RIS-2002-02-26,Indonesian,2339
RIS-2002-03-04,Indonesian,2232
RIS-2002-03-20,Indonesian,2517
RIS-2002-03-27,Indonesian,2540
RIS-2002-04-01,Indonesian,3290
RIS-2002-04-10,Indonesian,1833
RIS-2002-04-16,Indonesian,2845
RIS-2002-05-01,Indonesian,2939
RIS-2002-05-08,Indonesian,2599
RIS-2002-05-15,Indonesian,2377
RIS-2002-06-04,Indonesian,2596
RIS-2002-06-12,Indonesian,1799
RIS-2002-06-21,Indonesian,2083
RIS-2002-07-12,Indonesian,1764
RIS-2002-07-17,Indonesian,2188
RIS-2002-07-24,Indonesian,1937
RIS-2002-08-13,Indonesian,326
RIS-2002-08-20,Indonesian,1932
RIS-2002-08-30,Indonesian,2580
RIS-2002-09-06,Indonesian,2589
RIS-2002-09-10,Indonesian,2412
RIS-2002-09-17,Indonesian,1359
RIS-2002-10-01,Indonesian,2552
RIS-2002-10-11,Indonesian,3205
RIS-2002-10-18,Indonesian,2156
RIS-2002-11-01,Indonesian,2320
RIS-2002-11-06,Indonesian,2364
RIS-2002-11-15,Indonesian,2951
RIS-2002-12-02,Indonesian,2447
RIS-2002-12-11,Indonesian,1765
RIS-2002-12-16,Indonesian,2141
RIS-2003-01-06,Indonesian,1287
RIS-2003-01-20,Indonesian,2653
RIS-2003-01-27,Indonesian,2627
RIS-2003-02-03,Indonesian,2500
RIS-2003-02-10,Indonesian,2421
RIS-2003-02-17,Indonesian,2839
RIS-2003-03-04,Indonesian,2762
RIS-2003-03-10,Indonesian,2704
RIS-2003-03-17,Indonesian,2687
RIS-2003-04-11,Indonesian,2792
RIS-2003-04-21,Indonesian,2955
RIS-2003-05-05,Indonesian,3207
RIS-2003-05-12,Indonesian,2616
RIS-2003-05-19,Indonesian,3119
RIS-2003-06-09,Indonesian,1692
RIS-2003-06-20,Indonesian,2334
RIS-2003-06-27,Indonesian,2937
RIS-2003-07-09,Indonesian,2648
RIS-2003-07-18,Indonesian,2828
RIS-2003-07-25,Indonesian,2613
RIS-2003-08-12,Indonesian,1727
RIS-2003-08-19,Indonesian,2094
RIS-2003-08-29,Indonesian,2678
TIM-2000-03-13,Indonesian,2811
TIM-2000-04-10,Indonesian,1721
TIM-2000-04-25,Indonesian,2349
TIM-2000-05-08,Indonesian,2998
TIM-2000-05-22,Indonesian,2885
TIM-2000-05-29,Indonesian,1903
TIM-2000-07-24,Indonesian,2877
TIM-2000-07-31,Indonesian,1861
TIM-2000-08-08,Indonesian,2073
TIM-2000-09-04,Indonesian,2300
TIM-2000-09-11,Indonesian,2450
TIM-2000-10-02,Indonesian,2517
TIM-2000-10-09,Indonesian,2479
TIM-2000-10-16,Indonesian,1916
TIM-2000-10-24,Indonesian,1896
TIM-2000-11-06,Indonesian,3038
TIM-2000-11-20,Indonesian,2069
TIM-2000-12-11,Indonesian,2075
TIM-2000-12-18,Indonesian,1338
TIM-2001-01-08,Indonesian,2379
TIM-2001-01-15,Indonesian,2571
TIM-2001-01-29,Indonesian,2574
TIM-2001-01-31,Indonesian,2172
TIM-2001-02-05,Indonesian,2565
TIM-2001-02-15,Indonesian,3100
TIM-2001-02-22,Indonesian,2120
TIM-2001-03-01,Indonesian,1930
TIM-2001-03-07,Indonesian,2200
TIM-2001-03-23,Indonesian,2647
TIM-2001-03-30,Indonesian,2617
TIM-2001-04-06,Indonesian,2573
TIM-2001-04-09,Indonesian,2839
TIM-2001-05-23,Indonesian,1847
TIM-2001-06-06,Indonesian,3043
TIM-2001-06-13,Indonesian,2582
TIM-2001-06-20,Indonesian,2983
TIM-2001-07-05,Indonesian,2986
TIM-2001-07-11,Indonesian,2640
TIM-2001-07-18,Indonesian,186
TIM-2001-08-02,Indonesian,2740
TIM-2001-08-10,Indonesian,2370
TIM-2001-08-16,Indonesian,2640
TIM-2001-08-24,Indonesian,3498
TIM-2001-08-29,Indonesian,487
TIM-2001-09-05,Indonesian,2378
TIM-2001-09-12,Indonesian,3640
TIM-2001-09-19,Indonesian,2713
TIM-2001-10-03,Indonesian,2314
TIM-2001-10-10,Indonesian,3701
TIM-2001-10-24,Indonesian,2028
TIM-2001-11-14,Indonesian,2932
TIM-2001-11-21,Indonesian,2669
TIM-2001-12-05,Indonesian,2402
TIM-2001-12-12,Indonesian,2605
TIM-2001-12-18,Indonesian,2689
TIM-2002-01-09,Indonesian,2886
TIM-2002-01-16,Indonesian,2970
TIM-2002-01-29,Indonesian,3499
TIM-2002-02-15,Indonesian,2906
TIM-2002-02-20,Indonesian,3345
TIM-2002-03-20,Indonesian,2595
TIM-2002-04-03,Indonesian,2681
TIM-2002-04-10,Indonesian,3576
TIM-2002-04-16,Indonesian,2915
TIM-2002-05-08,Indonesian,3147
TIM-2002-05-15,Indonesian,3160
TIM-2002-05-22,Indonesian,2468
TIM-2002-06-05,Indonesian,2605
TIM-2002-06-19,Indonesian,2858
TIM-2002-07-03,Indonesian,2623
TIM-2002-07-10,Indonesian,3107
TIM-2002-07-17,Indonesian,1942
TIM-2002-08-07,Indonesian,3491
TIM-2002-08-21,Indonesian,3212
TIM-2002-08-28,Indonesian,2797
TIM-2002-09-04,Indonesian,3327
TIM-2002-09-18,Indonesian,2573
TIM-2002-10-01,Indonesian,2499
TIM-2002-10-09,Indonesian,2757
TIM-2002-10-16,Indonesian,3740
TIM-2002-11-06,Indonesian,3573
TIM-2002-12-02,Indonesian,3102
TIM-2002-12-11,Indonesian,3219
TIM-2003-01-15,Indonesian,2803
TIM-2003-01-23,Indonesian,3590
TIM-2003-01-31,Indonesian,2397
TIM-2003-02-04,Indonesian,3283
TIM-2003-02-20,Indonesian,2967
TIM-2003-03-20,Indonesian,2596
TIM-2003-04-03,Indonesian,3880
TIM-2003-04-11,Indonesian,1464
TIM-2003-05-07,Indonesian,2826
TIM-2003-05-15,Indonesian,2700
TIM-2003-05-21,Indonesian,3342
TIM-2003-06-04,Indonesian,2812
TIM-2003-06-11,Indonesian,2605
TIM-2003-06-27,Indonesian,1883
TIM-2003-07-03,Indonesian,2156
TIM-2003-07-09,Indonesian,3103
TIM-2003-07-23,Indonesian,2030
TIM-2003-08-19,Indonesian,2404
TIM-2003-08-27,Indonesian,2802
ALI12WM,Inuktitut,7423
ALI14WM,Inuktitut,7603
ALI16WM,Inuktitut,1887
ALI22TF,Inuktitut,7418
ALI31TF,Inuktitut,4534
ALI32TF,Inuktitut,5420
ALI33TF,Inuktitut,5439
ALI42TF,Inuktitut,8911
ALI54WM,Inuktitut,3411
ALI61TF,Inuktitut,6621
ALI63TF,Inuktitut,3319
ALI72TF,Inuktitut,6427
ALI78TF,Inuktitut,7310
ALI88TF,Inuktitut,5341
ALI98WM,Inuktitut,7431
JUP11WM,Inuktitut,10578
JUP22All,Inuktitut,7378
JUP44TF,Inuktitut,6907
JUP71All,Inuktitut,7384
JUP81TF,Inuktitut,6620
JUP92WM,Inuktitut,3805
MAE14WM,Inuktitut,7377
MAE23All,Inuktitut,7158
MAE28All,Inuktitut,7447
MAE34TF,Inuktitut,4851
MAE41All,Inuktitut,7536
MAE51WM,Inuktitut,5194
MAE52WM,Inuktitut,6364
MAE65TF,Inuktitut,5976
MAE68TF,Inuktitut,6342
MAE71TF,Inuktitut,6474
MAE83All,Inuktitut,6275
MAE88TF,Inuktitut,5485
SUP14WM,Inuktitut,5296
SUP22TF,Inuktitut,4614
SUP34TF,Inuktitut,7364
SUP38TF,Inuktitut,3997
SUP48TF,Inuktitut,7436
SUP51WM,Inuktitut,7440
SUP62TF,Inuktitut,7397
SUP63TF,Inuktitut,6188
SUP72All,Inuktitut,5722
SUP75TF,Inuktitut,1910
SUP83All,Inuktitut,7363
SUP94WM,Inuktitut,7174
A00210817,Russian,2308
A00310903,Russian,2936
A00410909,Russian,3258
A00510915,Russian,6264
A00611000,Russian,978
A00711005,Russian,3351
A00811013,Russian,4127
A00911024,Russian,2859
A01011102,Russian,2836
A01111109,Russian,2852
A01211118,Russian,2829
A01311124,Russian,2865
A01420001,Russian,3011
A01520008,Russian,2846
A01720022,Russian,2905
A01820029,Russian,2941
A01920105,Russian,2834
A02020112,Russian,2827
A02120120,Russian,4250
A02220127,Russian,4250
A02320209,Russian,3890
A02420218,Russian,4234
A02520228,Russian,5690
A02620302,Russian,3988
A02720310,Russian,3078
A02820320,Russian,4133
A02920327,Russian,4166
A03020412,Russian,4096
A03120419,Russian,4150
A03220428,Russian,3647
A03320504,Russian,3993
A03420526,Russian,5800
A03520530,Russian,5931
A03620613,Russian,4834
A03720621,Russian,3957
A03820713,Russian,4003
A03920719,Russian,4078
A04020729,Russian,4226
A04120803,Russian,4361
A04220808,Russian,4212
A04320817,Russian,3724
A04420823,Russian,3909
A04520901,Russian,4377
A04620908,Russian,4112
A04720915,Russian,4092
A04820924,Russian,4134
A04921000,Russian,3906
A05021006,Russian,4244
A05121013,Russian,2842
A05221022,Russian,3938
A05321107,Russian,2821
A05421112,Russian,2830
A05521119,Russian,2821
A05621126,Russian,2833
A05730006,Russian,2824
A05830013,Russian,2834
A05930019,Russian,2833
A06030102,Russian,4086
A06130109,Russian,3979
A06230116,Russian,3884
A06330123,Russian,3109
A06430201,Russian,3684
A06530214,Russian,4163
A06630221,Russian,3732
A06730228,Russian,3733
A06830304,Russian,3828
A06930318,Russian,3563
A07030318,Russian,4527
A07130402,Russian,2871
A07230410,Russian,4601
A07330418,Russian,3990
A07430430,Russian,3769
A07630518,Russian,3182
A07730523,Russian,3800
A07830606,Russian,4189
A07930613,Russian,3137
A08030620,Russian,3131
A08130627,Russian,3277
A08230710,Russian,3606
A08330721,Russian,2863
A08430727,Russian,3957
A08530802,Russian,3823
A08630810,Russian,3663
A08730815,Russian,2860
A08830823,Russian,3776
A08930901,Russian,4207
A09030921,Russian,4019
A09131003,Russian,4526
A09231013,Russian,3812
A09331023,Russian,3762
A09431101,Russian,5514
A09531108,Russian,2844
A09631113,Russian,2842
A09731121,Russian,5675
A09831127,Russian,2838
A09940001,Russian,2818
A10040009,Russian,2844
A10140017,Russian,2282
A10240024,Russian,2848
A10340101,Russian,2823
A10440111,Russian,3964
A10540119,Russian,3724
A10640126,Russian,3720
A10740204,Russian,3631
A10840209,Russian,3799
A10940216,Russian,3527
A11040225,Russian,3620
A11140231,Russian,3614
A11240307,Russian,4227
A11340313,Russian,3803
A11440327,Russian,3758
A11540404,Russian,3675
A11640411,Russian,2992
A11740415,Russian,3388
A11840500,Russian,2806
A11940508,Russian,2814
A12140525,Russian,3840
A12340618,Russian,4043
A12440626,Russian,4166
A12540704,Russian,1725
A12640711,Russian,3789
A12740725,Russian,3912
A12840802,Russian,3159
A12940810,Russian,3782
A13040821,Russian,3862
J00130108,Russian,3983
J00230115,Russian,5519
J00330123,Russian,4019
J00430202,Russian,2517
J00530206,Russian,2498
J00630210,Russian,5002
J00730217,Russian,3378
J00830225,Russian,3829
J00930301,Russian,4733
J01030311,Russian,4419
J01130317,Russian,5289
J01230323,Russian,4955
J01330400,Russian,4279
J01430408,Russian,4362
J01530413,Russian,4793
J01630418,Russian,4281
J01730424,Russian,4318
J01830428,Russian,5854
J01930504,Russian,4019
J02030512,Russian,4010
J02130518,Russian,4157
J02230525,Russian,4152
J02330604,Russian,4156
J02430610,Russian,4162
J02530617,Russian,3955
J02630627,Russian,4609
J02730700,Russian,4783
J02830708,Russian,6197
J02930714,Russian,4011
J03030719,Russian,4046
J03130724,Russian,4024
J03230800,Russian,3422
J03330807,Russian,6159
J03430816,Russian,5959
J03530824,Russian,2775
J03630906,Russian,2886
J03730914,Russian,5477
J03830920,Russian,3463
J03931006,Russian,4423
J04031014,Russian,2849
J04131024,Russian,4454
J04231031,Russian,4488
J04331103,Russian,1386
J04431117,Russian,2547
J04540012,Russian,4638
J04640020,Russian,4211
J04740029,Russian,5100
J04840105,Russian,4963
J04940112,Russian,4172
J05040116,Russian,4330
J05140123,Russian,4997
J05240201,Russian,3731
J05340208,Russian,2280
J05440215,Russian,3068
J05540228,Russian,4268
J05640305,Russian,3776
J05740313,Russian,4354
J05840322,Russian,4042
J05940402,Russian,4650
J06040409,Russian,4311
J06140416,Russian,4356
J06240422,Russian,3884
J06340428,Russian,4088
J06440503,Russian,4659
J06540510,Russian,3178
J06640521,Russian,3351
J06740605,Russian,3892
J06840611,Russian,3238
J06940619,Russian,3048
J07040626,Russian,4009
J07140708,Russian,4065
J07240717,Russian,3536
J07340724,Russian,3035
J07440807,Russian,4243
J07540813,Russian,3876
J07640828,Russian,4202
J07740906,Russian,4202
J07940922,Russian,3939
J08041002,Russian,5599
J08141025,Russian,3082
J08241101,Russian,3790
J08341108,Russian,3542
J08441119,Russian,3980
J08541126,Russian,3542
J08650007,Russian,4157
J08750016,Russian,4003
J08850027,Russian,4157
J08950103,Russian,4009
J09050117,Russian,3544
J09150125,Russian,4009
J09250203,Russian,3845
J09350210,Russian,4039
J09450216,Russian,3832
J09550225,Russian,3512
J09650300,Russian,3838
J09750306,Russian,3704
J09850311,Russian,3763
J09950321,Russian,3694
J10050329,Russian,3595
J10150410,Russian,3474
J10250414,Russian,3865
J10350427,Russian,3767
J10450501,Russian,3677
J10650526,Russian,3633
J10750609,Russian,3477
J10850619,Russian,3664
J10950630,Russian,4006
J11050710,Russian,3518
J11150722,Russian,4006
J11250803,Russian,3940
J11350813,Russian,3940
J11450821,Russian,3698
J11551006,Russian,4011
J11651105,Russian,3958
J11751122,Russian,4011
J11860027,Russian,3661
J11960129,Russian,3608
J12060310,Russian,2448
J12260513,Russian,4109
J12360610,Russian,3350
J12460711,Russian,3717
J12560712,Russian,4248
P00111128,Russian,4548
P00220009,Russian,3921
P00320021,Russian,4065
P00420030,Russian,5694
P00520106,Russian,5671
P00620112,Russian,5542
P00720124,Russian,4193
P00820227,Russian,5170
P00920304,Russian,4101
P01020311,Russian,4623
P01220323,Russian,4909
P01320330,Russian,3998
P01420405,Russian,4053
P01520410,Russian,2957
P01620419,Russian,3090
P01720426,Russian,5011
P01820505,Russian,1260
P01920524,Russian,4702
P02020605,Russian,3970
P02120612,Russian,3883
P02220622,Russian,4145
P02320701,Russian,3235
P02420706,Russian,3665
P02520719,Russian,2820
P02620810,Russian,3995
P02720820,Russian,5247
P02820828,Russian,3796
P02920914,Russian,4096
P03020924,Russian,3927
P03121006,Russian,2874
P03221019,Russian,6048
P03321100,Russian,3874
P03421112,Russian,4048
P03521125,Russian,3958
P03630005,Russian,4379
P03730016,Russian,3996
P03930122,Russian,4018
P04030201,Russian,3226
P04130213,Russian,4758
P04230229,Russian,3944
P04330306,Russian,4447
P04430315,Russian,4489
P04530326,Russian,4968
P04630402,Russian,3919
P04730416,Russian,4006
P04830423,Russian,3747
P04930508,Russian,4077
P05030522,Russian,2387
P05130600,Russian,3414
P05230606,Russian,3266
P05330614,Russian,3734
P05430701,Russian,3579
P05530807,Russian,4350
P05630912,Russian,2514
P05731001,Russian,3888
P05831010,Russian,3065
P05931119,Russian,3920
P06031130,Russian,3141
P06140100,Russian,3181
P06240112,Russian,3638
P06340129,Russian,3826
P06440208,Russian,5419
P06540224,Russian,4225
P06640302,Russian,3961
P06740312,Russian,3961
V00110423,Russian,3294
V00210500,Russian,122
V00310515,Russian,421
V00410522,Russian,2773
V00510600,Russian,5609
V00710613,Russian,2710
V00810619,Russian,2717
V00910627,Russian,1427
V01010704,Russian,2401
V01110710,Russian,5389
V01310723,Russian,2851
V01410801,Russian,2862
V01510808,Russian,2811
V01610814,Russian,2680
V01710815,Russian,2024
V01810822,Russian,2310
V01910828,Russian,2493
V02010905,Russian,2493
V02110913,Russian,2801
V02210921,Russian,2825
V02310926,Russian,5391
V02411002,Russian,4558
V02511009,Russian,4589
V02711026,Russian,4394
V02811103,Russian,4354
V02911109,Russian,4099
V03011116,Russian,3423
V03111125,Russian,3714
V03220004,Russian,3468
V03320014,Russian,3785
V03420021,Russian,3325
V03520028,Russian,2765
V03620109,Russian,3786
V03720116,Russian,3752
V03820123,Russian,3907
V03920130,Russian,3657
V04020206,Russian,4280
V04120213,Russian,3980
V04220223,Russian,3962
V04320305,Russian,3446
V04420400,Russian,3587
V04520407,Russian,4599
V04620416,Russian,3762
V04720426,Russian,4215
V04820502,Russian,3476
V04920511,Russian,3671
V05020603,Russian,3625
V05120615,Russian,3743
V05220628,Russian,3775
V05320711,Russian,4135
V05420725,Russian,3919
V05520810,Russian,4382
V05620827,Russian,3642
V05720911,Russian,3694
V05820923,Russian,3721
V05921010,Russian,3744
V06021027,Russian,3884
V06121111,Russian,3638
V06221121,Russian,3629
V06330011,Russian,3810
V06430114,Russian,4277
V06530124,Russian,4217
V06630200,Russian,3834
V06730207,Russian,3567
V06830214,Russian,4046
V06930228,Russian,3828
V07030304,Russian,3163
V07130311,Russian,3582
V07230318,Russian,2856
V07330404,Russian,3242
V07430411,Russian,4001
V07530425,Russian,3922
V07630501,Russian,2809
V07730508,Russian,3679
V07830519,Russian,3250
V07930529,Russian,3417
V08030608,Russian,2503
V08130618,Russian,2856
V08230621,Russian,2326
V08330628,Russian,4095
V08430703,Russian,3308
V08530711,Russian,2843
V08630713,Russian,2884
V08730718,Russian,2812
V08830728,Russian,3860
V08930805,Russian,2844
V09030812,Russian,3957
V09130818,Russian,2833
V09230830,Russian,2821
V09330905,Russian,4045
V09430916,Russian,3812
V09530921,Russian,3858
V09630929,Russian,4436
V09731006,Russian,4365
V09831014,Russian,3674
V10031025,Russian,3405
V10131104,Russian,3982
V10231117,Russian,4618
V10331125,Russian,3137
V10440009,Russian,3571
V10540016,Russian,2917
V10640024,Russian,4148
V10740103,Russian,3575
V10840108,Russian,3244
V10940114,Russian,3481
V11040124,Russian,4528
V11140129,Russian,3674
V11240207,Russian,3939
V11340215,Russian,3737
V11540311,Russian,2996
V11740404,Russian,3862
V11840418,Russian,3931
V11940426,Russian,4930
V12040504,Russian,2992
V12140521,Russian,4235
V12240602,Russian,3654
V12340712,Russian,3595
V12440915,Russian,3806
V12541008,Russian,3901
V12641117,Russian,4386
V12750029,Russian,4269
V12850127,Russian,3486
V12950205,Russian,3990
V13050504,Russian,4248
V13150627,Russian,3217
burcu01_23may02_00-08-02,Turkish,3798
burcu02_24jun02_00-09-03,Turkish,1027
burcu03_10jul02_00-09-19,Turkish,1028
burcu04_21jul02_00-10-00,Turkish,1007
burcu05_05aug02_00-10-15,Turkish,1025
burcu06_22aug02_00-11-01,Turkish,1029
burcu07_06sep02_00-11-16,Turkish,3800
burcu08_24sep02_01-00-03,Turkish,1027
burcu09_08oct02_01-00-17,Turkish,3764
burcu10_22oct02_01-01-01,Turkish,1027
burcu11_05nov02_01-01-15,Turkish,3799
burcu12_26nov02_01-02-05,Turkish,3757
burcu13_14dec02_01-02-23,Turkish,3789
burcu14_30dec02_01-03-09,Turkish,3804
burcu15_16jan03_01-03-26,Turkish,3798
burcu16_31jan03_01-04-10,Turkish,3806
burcu17_18feb03_01-04-28,Turkish,3799
burcu18_04mar03_01-05-11,Turkish,3796
burcu19_21mar03_01-06-00,Turkish,3801
burcu20_07apr03_01-06-17,Turkish,3804
burcu21_21apr03_01-07-00,Turkish,3803
burcu22_05may03_01-07-14,Turkish,3794
burcu23_22may03_01-08-01,Turkish,3805
burcu24_06jun03_01-08-16,Turkish,3807
burcu25_23jun03_01-09-02,Turkish,3793
burcu26_07jul03_01-09-16,Turkish,3737
burcu27_21jul03_01-10-00,Turkish,1027
burcu28_04aug03_01-10-14,Turkish,3804
burcu29_18aug03_01-10-28,Turkish,3805
burcu30_02sep03_01-11-12,Turkish,1028
burcu31_17sep03_01-11-27,Turkish,1026
burcu32_03oct03_02-00-12,Turkish,3784
burcu33_17oct03_02-00-26,Turkish,3795
burcu34_07nov03_02-01-17,Turkish,3788
burcu35_22nov03_02-02-01,Turkish,3791
burcu36_05dec03_02-02-14,Turkish,3791
burcu37_20dec03_02-02-29,Turkish,3777
burcu38_02jan04_02-03-12,Turkish,3802
burcu39_16jan04_02-03-28,Turkish,3791
burcu41_13feb04_02-04-23,Turkish,3778
burcu42_26feb04_02-05-05,Turkish,3793
burcu43_13mar04_02-05-21,Turkish,3795
burcu44_26mar04_02-06-05,Turkish,3790
burcu45_10apr04_02-06-20,Turkish,3766
burcu47_08may04_02-07-17,Turkish,1026
burcu48_23may04_02-08-02,Turkish,1026
burcu49_04jun04_02-08-14,Turkish,3759
burcu50_18jun04_02-08-28,Turkish,3790
burcu51_02jul04_02-09-11,Turkish,3798
burcu52_15jul04_02-09-24,Turkish,3794
burcu53_29jul04_02-10-08,Turkish,3790
burcu54_12aug04_02-10-22,Turkish,3838
burcu55_25aug04_02-11-04,Turkish,3797
burcu56_10sep04_02-11-20,Turkish,3798
burcu57_24sep04_03-00-03,Turkish,3793
can01_15apr01_00-07-28,Turkish,3806
can02_01may01_00-08-13,Turkish,3807
can03_27jun01_00-10-09,Turkish,3690
can04_10jul01_00-10-22,Turkish,3778
can05_25jul01_00-11-06,Turkish,3813
can06_09aug01_00-11-22,Turkish,3715
can07_22aug01_01-00-03,Turkish,1005
can08_08sep01_01-00-19,Turkish,3796
can09_25sep01_01-01-06,Turkish,1003
can11_25oct01_01-02-06,Turkish,3705
can14_09dec01_01-03-19,Turkish,1028
can15_23dec01_01-04-03,Turkish,3674
can16_13jan02_01-04-23,Turkish,3675
can17_29jan02_01-05-08,Turkish,3688
can18_12feb02_01-05-21,Turkish,3720
can22_08apr02_01-07-17,Turkish,3677
can23_24apr02_01-08-03,Turkish,3646
can24_07may02_01-08-17,Turkish,1824
can25_27may02_01-09-07,Turkish,3683
can26_17jun02_01-09-28,Turkish,3649
can28_15jul02_01-10-18,Turkish,994
can29_30jul02_01-11-12,Turkish,3486
can30_16aug02_01-11-29,Turkish,3741
can31_05sep02_02-00-20,Turkish,3794
can32_20sep02_02-01-02,Turkish,3796
can33_08oct02_02-01-20,Turkish,3796
can34_05nov02_02-02-18,Turkish,3794
can35_28nov02_02-03-10,Turkish,3781
can36_17dec02_02-03-29,Turkish,3763
can37_09jan03_02-04-22,Turkish,3786
can38_28jan03_02-05-10,Turkish,3765
can39_04mar03_02-06-14,Turkish,3791
can40_21mar03_02-07-03,Turkish,3754
can41_07apr03_02-07-20,Turkish,3785
can42_21apr03_02-08-03,Turkish,3798
can44_22may03_02-09-04,Turkish,3805
can45_06jun03_02-09-19,Turkish,3804
can46_25jun03_02-10-07,Turkish,3727
can47_14jul03_02-10-26,Turkish,3789
can48_06aug03_02-11-19,Turkish,3785
can49_10sep03_03-00-24,Turkish,3789
cansu01_01jul02_00-08-06,Turkish,3695
cansu02_18jul02_00-08-23,Turkish,3709
cansu03_02aug02_00-09-08,Turkish,1026
cansu04_16aug02_00-09-22,Turkish,3748
cansu05_02sep02_00-10-08,Turkish,3774
cansu06_23sep02_00-10-29,Turkish,3790
cansu07_11oct02_00-11-17,Turkish,3797
cansu08_26oct02_01-00-01,Turkish,3768
cansu09_12nov02_01-00-18,Turkish,1026
cansu10_02dec02_01-01-07,Turkish,3805
cansu11_21dec02_01-01-26,Turkish,3804
cansu12_11jan03_01-02-17,Turkish,1027
cansu13_23jan03_01-02-28,Turkish,3800
cansu14_18feb03_01-03-24,Turkish,3798
cansu15_08mar03_01-04-10,Turkish,3804
cansu16_28mar03_01-05-03,Turkish,3804
cansu17_14apr03_01-05-20,Turkish,3778
cansu18_28apr03_01-06-03,Turkish,3805
cansu19_12may03_01-06-17,Turkish,3810
cansu20_26may03_01-07-01,Turkish,1028
cansu21_09jun03_01-07-15,Turkish,3805
cansu22_23jun03_01-07-28,Turkish,3806
cansu23_07jul03_01-08-12,Turkish,3808
cansu24_04aug03_01-09-10,Turkish,3806
cansu25_18aug03_01-09-24,Turkish,3802
cansu26_15sep03_01-10-21,Turkish,3796
cansu27_03oct03_01-11-08,Turkish,3800
cansu28_31oct03_02-00-06,Turkish,3791
cansu29_14nov03_02-00-20,Turkish,3801
cansu30_01dec03_02-01-06,Turkish,3796
cansu31_12dec03_02-01-17,Turkish,3765
cansu32_27dec03_02-02-02,Turkish,3792
cansu33_09jan04_02-02-12,Turkish,3792
cansu34_27jan04_02-03-02,Turkish,3790
cansu35_06feb04_02-03-12,Turkish,3794
cansu36_20feb04_02-03-26,Turkish,3799
cansu37_05mar04_02-04-09,Turkish,3793
cansu38_19mar04_02-04-23,Turkish,3801
cansu39_02apr04_02-05-08,Turkish,3798
cansu40_19apr04_02-05-25,Turkish,3793
cansu41_23may04_02-06-28,Turkish,3797
cansu42_04jun04_02-07-10,Turkish,3797
cansu43_18jun04_02-07-24,Turkish,3800
cansu44_05jul04_02-08-10,Turkish,3798
cansu45_19jul04_02-08-24,Turkish,3798
cansu46_16aug04_02-09-21,Turkish,3796
cansu47_06sep04_02-10-12,Turkish,3800
cansu48_20sep04_02-10-26,Turkish,3802
cansu49_05oct04_02-11-10,Turkish,3445
cansu50_22oct04_02-11-27,Turkish,3800
cansu51_08nov04_03-00-14,Turkish,3788
ekin02_30jun01_00-09-10,Turkish,3750
ekin03_17jul01_00-09-26,Turkish,3805
ekin04_01aug01_00-10-12,Turkish,3657
ekin05_17aug01_00-10-28,Turkish,3709
ekin06_27aug01_00-11-07,Turkish,3690
ekin07_13sep01_00-11-23,Turkish,3794
ekin08_28sep01_01-00-08,Turkish,3819
ekin09_15oct01_01-00-25,Turkish,3798
ekin10_30oct01_01-01-10,Turkish,3800
ekin11_11nov01_01-01-22,Turkish,3807
ekin12_26nov01_01-02-06,Turkish,3808
ekin13_12dec01_01-02-22,Turkish,3803
ekin14_03jan02_01-03-14,Turkish,3653
ekin15_17jan02_01-03-28,Turkish,3804
ekin16_31jan02_01-04-11,Turkish,3809
ekin17_13feb02_01-04-24,Turkish,3805
ekin18_28feb02_01-05-08,Turkish,3808
ekin19_14mar02_01-05-22,Turkish,3813
ekin20_28mar02_01-06-08,Turkish,3809
ekin21_10apr02_01-06-20,Turkish,3717
ekin22_25apr02_01-07-05,Turkish,3577
ekin23_09may02_01-07-19,Turkish,3810
ekin24_23may02_01-08-03,Turkish,3811
ekin25_05jun02_01-08-16,Turkish,2190
ekin26_10jun02_01-08-21,Turkish,3801
ekin27_04jul02_01-09-14,Turkish,3802
ekin28_18jul02_01-09-28,Turkish,3815
irem01_17apr02_00-08-00,Turkish,3802
irem02_30apr02_00-08-13,Turkish,3804
irem03_17may02_00-09-00,Turkish,3805
irem04_05jun02_00-09-19,Turkish,3804
irem05_24jun02_00-10-07,Turkish,3805
irem06_06jul02_00-10-19,Turkish,3712
irem07_21jul02_00-11-04,Turkish,3803
irem08_05aug02_00-11-19,Turkish,3734
irem09_21aug02_01-00-04,Turkish,3792
irem10_06sep02_01-00-20,Turkish,3800
irem11_24sep02_01-01-07,Turkish,3783
irem12_08oct02_01-01-21,Turkish,3777
irem13_22oct02_01-02-05,Turkish,3799
irem14_09nov02_01-02-21,Turkish,3594
irem15_23nov02_01-03-06,Turkish,3798
irem16_12dec02_01-03-25,Turkish,3080
irem17_28dec02_01-04-11,Turkish,3805
irem18_11jan03_01-04-25,Turkish,3795
irem19_25jan03_01-05-08,Turkish,3799
irem20_18feb03_01-06-01,Turkish,3800
irem21_05mar03_01-06-16,Turkish,3958
irem22_21mar03_01-07-04,Turkish,3804
irem23_07apr03_01-07-21,Turkish,3808
irem24_21apr03_01-08-04,Turkish,3804
irem25_05may03_01-08-18,Turkish,3790
irem26_22may03_01-09-05,Turkish,3804
irem27_06jun03_01-09-20,Turkish,3805
irem28_23jun03_01-10-06,Turkish,3804
irem29_07jul03_01-10-20,Turkish,3808
irem30_21jul03_01-11-04,Turkish,3806
irem31_18aug03_02-00-01,Turkish,3804
irem32_02sep03_02-00-16,Turkish,3802
irem33_17sep03_02-01-00,Turkish,3754
irem34_03oct03_02-01-16,Turkish,3800
irem35_17oct03_02-02-00,Turkish,3802
irem36_01nov03_02-02-15,Turkish,3800
irem37_14nov03_02-02-28,Turkish,3798
irem38_29nov03_02-03-12,Turkish,3796
irem39_13dec03_02-03-26,Turkish,3798
irem40_27dec03_02-04-10,Turkish,3797
irem41_09jan04_02-04-23,Turkish,3795
irem42_27jan04_02-05-10,Turkish,3807
irem43_07feb04_02-05-21,Turkish,3796
irem44_20feb04_02-06-03,Turkish,3798
irem45_06mar04_02-06-18,Turkish,3776
irem46_23mar04_02-07-06,Turkish,3830
irem47_08apr04_02-07-22,Turkish,3794
irem48_22apr04_02-08-05,Turkish,3796
irem49_08may04_02-08-21,Turkish,1026
irem50_21may04_02-09-04,Turkish,3703
irem51_04jun04_02-09-18,Turkish,3795
irem52_24jun04_02-10-07,Turkish,3796
irem53_08jul04_02-10-21,Turkish,3797
irem54_29jul04_02-11-12,Turkish,3799
irem55_12aug04_02-11-26,Turkish,3824
irem56_29aug04_03-00-12,Turkish,1036
ogun01_06oct01_00-08-02,Turkish,3531
ogun02_21oct01_00-08-17,Turkish,3676
ogun03_06nov01_00-09-03,Turkish,3653
ogun04_19nov01_00-09-16,Turkish,3688
ogun05_04dec01_00-10-01,Turkish,3796
ogun06_20dec01_00-10-16,Turkish,3774
ogun07_08jan02_00-11-04,Turkish,1010
ogun08_03feb02_00-11-26,Turkish,1002
ogun09_28feb02_01-00-23,Turkish,3678
ogun10_25mar02_01-01-15,Turkish,3726
ogun11_10apr02_01-01-30,Turkish,3753
ogun12_15may02_01-03-04,Turkish,1690
ogun13_26jul02_01-05-22,Turkish,3755
ogun14_08aug02_01-06-04,Turkish,3774
ogun15_07sep02_01-07-03,Turkish,3774
ogun16_28sep02_01-07-24,Turkish,3768
ogun17_20oct02_01-08-16,Turkish,3767
ogun18_09nov02_01-09-05,Turkish,3782
ogun19_26nov02_01-09-22,Turkish,3796
ogun20_14dec02_01-10-06,Turkish,3802
ogun21_30dec02_01-10-26,Turkish,3803
ogun22_26jan03_01-11-22,Turkish,3802
ogun23_11mar03_02-01-07,Turkish,3802
ogun24_29mar03_02-01-25,Turkish,1028
ogun25_12apr03_02-02-08,Turkish,3802
ogun26_26apr03_02-02-22,Turkish,1028
ogun27_10may03_02-03-06,Turkish,1026
ogun28_24may03_02-03-20,Turkish,3807
ogun29_07jun03_02-04-03,Turkish,3415
ogun30_21jun03_02-04-17,Turkish,3806
ogun31_05jul03_02-05-01,Turkish,3804
ogun32_19jul03_02-05-15,Turkish,3807
ogun33_06aug03_02-06-02,Turkish,3805
ogun34_03sep03_02-06-30,Turkish,3805
ogun35_18sep03_02-07-14,Turkish,3800
ogun36_08oct03_02-08-04,Turkish,3800
ogun37_23oct03_02-08-19,Turkish,3798
ogun38_12nov03_02-09-08,Turkish,3796
ogun39_13dec03_02-10-09,Turkish,3795
ogun40_31dec03_02-10-28,Turkish,3735
ogun41_15jan04_02-11-11,Turkish,1026
ogun42_28jan04_02-11-24,Turkish,3793
ogun43_18feb04_03-00-14,Turkish,3798
senem01_22aug02_00-08-30,Turkish,3805
senem02_10sep02_00-09-18,Turkish,1027
senem03_20sep02_00-09-28,Turkish,3771
senem04_18oct02_00-10-24,Turkish,3799
senem05_05nov02_00-11-13,Turkish,3768
senem06_20nov02_00-11-28,Turkish,3790
senem07_03dec02_01-00-10,Turkish,1027
senem08_17dec02_01-00-25,Turkish,3798
senem09_02jan03_01-01-10,Turkish,3798
senem10_16jan03_01-01-25,Turkish,1028
senem11_31jan03_01-02-07,Turkish,1028
senem12_27feb03_01-03-04,Turkish,3804
senem13_25mar03_01-04-02,Turkish,1028
senem14_08apr03_01-04-17,Turkish,3798
senem15_29apr03_01-05-06,Turkish,3804
senem17_26may03_01-06-03,Turkish,3805
senem18_09jun03_01-06-17,Turkish,1028
senem19_25jun03_01-07-02,Turkish,3804
senem20_04aug03_01-08-12,Turkish,1029
senem21_18aug03_01-08-26,Turkish,3806
senem22_23sep03_01-10-00,Turkish,3797
senem23_14oct03_01-10-21,Turkish,3798
senem24_05nov03_01-11-13,Turkish,3796
senem25_20nov03_01-11-18,Turkish,3797
senem26_03dec03_02-00-10,Turkish,3798
senem27_24dec03_02-01-01,Turkish,3787
senem28_07jan04_02-01-15,Turkish,3796
senem29_28jan04_02-02-05,Turkish,3797
senem30_18feb04_02-02-26,Turkish,3796
senem31_03mar04_02-03-09,Turkish,3708
senem32_17mar04_02-03-23,Turkish,3795
senem33_31mar04_02-04-07,Turkish,3797
senem34_14apr04_02-04-22,Turkish,3796
senem35_29apr04_02-05-06,Turkish,3797
senem36_28may04_02-06-05,Turkish,3796
senem37_10jun04_02-06-17,Turkish,3761
senem38_25jun04_02-07-02,Turkish,3799
senem39_09jul04_02-07-16,Turkish,3797
senem40_23jul04_02-08-00,Turkish,1026
senem41_06aug04_02-08-14,Turkish,3798
senem42_03sep04_02-09-11,Turkish,3833
senem43_17sep04_02-09-25,Turkish,3680
senem44_04oct04_02-10-11,Turkish,3801
senem45_18oct04_02-10-25,Turkish,3809
senem47_17nov04_02-11-25,Turkish,3799
senem48_13dec04_03-00-20,Turkish,3937
tugce01_15jan02_00-08-03,Turkish,1017
tugce02_31jan02_00-08-18,Turkish,1002
tugce03_19feb02_00-09-07,Turkish,1948
tugce04_11mar02_00-09-27,Turkish,2851
tugce05_29mar02_00-10-14,Turkish,3764
tugce06_15apr02_00-10-30,Turkish,2766
tugce07_30apr02_00-11-15,Turkish,1027
tugce08_17may02_01-00-05,Turkish,1490
tugce09_05jun02_00-12-23,Turkish,1904
tugce10_01jul02_01-01-20,Turkish,2413
tugce11_20jul02_01-02-07,Turkish,3726
tugce12_05aug02_01-02-24,Turkish,3731
tugce13_22aug02_01-03-10,Turkish,3732
tugce14_07sep02_01-03-24,Turkish,3778
tugce15_25sep02_01-04-13,Turkish,3758
tugce17_23oct02_01-05-11,Turkish,3800
tugce19_23nov02_01-06-11,Turkish,1949
tugce20_11dec02_01-06-29,Turkish,3806
tugce21_28dec02_01-07-14,Turkish,1952
tugce22_11jan03_01-07-29,Turkish,3805
tugce23_25jan03_01-08-13,Turkish,1952
tugce24_01mar03_01-09-17,Turkish,1489
tugce26_31mar03_01-10-19,Turkish,1951
tugce27_14apr03_01-11-02,Turkish,3805
tugce28_28apr03_01-11-16,Turkish,1490
tugce29_12may03_02-00-00,Turkish,1490
tugce30_26may03_02-00-14,Turkish,1491
tugce31_13jun03_02-01-01,Turkish,1490
tugce32_27jun03_02-01-15,Turkish,1491
tugce33_14jul03_02-02-02,Turkish,1490
tugce34_28jul03_02-02-16,Turkish,1490
tugce35_12aug03_02-03-00,Turkish,1475
tugce36_27aug03_02-03-15,Turkish,1028
tugce37_09sep03_02-03-28,Turkish,1026
tugce38_25sep03_02-04-13,Turkish,1027
tugce39_01nov03_02-05-20,Turkish,1027
tugce40_21nov03_02-06-09,Turkish,1027
tugce41_05dec03_02-06-23,Turkish,1026
tugce42_22dec03_02-07-10,Turkish,1026
tugce43_02jan04_02-07-21,Turkish,1027
tugce44_20jan04_02-08-08,Turkish,1026
tugce45_25feb04_02-09-13,Turkish,3796
tugce46_08mar04_02-09-25,Turkish,1026
tugce47_19mar04_02-10-07,Turkish,1025
tugce48_02apr04_02-10-21,Turkish,3798
tugce49_15apr04_02-11-03,Turkish,1025
tugce50_30apr04_02-11-18,Turkish,1027
tugce51_13may04_03-00-01,Turkish,1026
ARM-1998-05-14,Yucatec,1878
ARM-1998-05-23,Yucatec,1883
DAV-2001-09-01,Yucatec,1906
DAV-2001-10-29,Yucatec,1900
SAN-1998-01-07,Yucatec,1903
SAN-1998-01-16,Yucatec,3936
SAN-1998-02-17,Yucatec,1910
SAN-1998-03-19,Yucatec,5307
SAN-1998-04-03,Yucatec,1887
SAN-1998-05-04,Yucatec,1861
SAN-1998-05-11,Yucatec,1862
Hlobohang_020500cd,Sesotho,5706
Hlobohang_020900ab,Sesotho,5711
Hlobohang_020100ab,Sesotho,5695
Hlobohang_021100ab,Sesotho,5705
Hlobohang_020800ab,Sesotho,5713
Hlobohang_020400cd,Sesotho,5714
Hlobohang_020600cd,Sesotho,5711
Hlobohang_030000ab,Sesotho,5717
Hlobohang_020700cd,Sesotho,5702
Hlobohang_020200ab,Sesotho,5714
Hlobohang_020700ab,Sesotho,5715
Hlobohang_020100ef,Sesotho,5701
Hlobohang_020900e,Sesotho,3822
Hlobohang_020200cd,Sesotho,5705
Hlobohang_020800ef,Sesotho,3822
Hlobohang_030000cd,Sesotho,5714
Hlobohang_020600ab,Sesotho,5706
Hlobohang_020100cd,Sesotho,5695
Hlobohang_021100cd,Sesotho,5720
Hlobohang_020400ab,Sesotho,5722
Hlobohang_020800cd,Sesotho,5708
Hlobohang_020900cd,Sesotho,5713
Hlobohang_020500ab,Sesotho,5710
TseboNeuoe_040100ab,Sesotho,5703
TseboNeuoe_040500cd,Sesotho,5770
TseboNeuoe_040000ab,Sesotho,5681
TseboNeuoe_040700cd,Sesotho,5709
TseboNeuoe_031000e,Sesotho,2761
TseboNeuoe_031000ab,Sesotho,5522
TseboNeuoe_040300ab,Sesotho,5693
TseboNeuoe_030800ab,Sesotho,3808
TseboNeuoe_040300cd,Sesotho,5715
TseboNeuoe_030800cd,Sesotho,4945
TseboNeuoe_040100ef,Sesotho,3800
TseboNeuoe_030900b,Sesotho,3814
TseboNeuoe_040700ab,Sesotho,5744
TseboNeuoe_031000cd,Sesotho,5543
TseboNeuoe_030900a,Sesotho,1921
TseboNeuoe_040500ab,Sesotho,7707
TseboNeuoe_030800ef,Sesotho,3838
TseboNeuoe_040700e,Sesotho,2734
TseboNeuoe_040000cd,Sesotho,5704
TseboNeuoe_040100cd,Sesotho,5714
TseboNeuoe_040500e,Sesotho,2941
Litlhare_020500cd,Sesotho,5682
Litlhare_020900ab,Sesotho,5664
Litlhare_021000ab,Sesotho,5666
Litlhare_020600e,Sesotho,1903
Litlhare_020100ab,Sesotho,5529
Litlhare_030200ab,Sesotho,6903
Litlhare_020800ab,Sesotho,5669
Litlhare_020400cd,Sesotho,5678
Litlhare_020500ef,Sesotho,4636
Litlhare_020600cd,Sesotho,5693
Litlhare_030000ab,Sesotho,5683
Litlhare_020200ab,Sesotho,5539
Litlhare_020100ef,Sesotho,5540
Litlhare_020200cd,Sesotho,5522
Litlhare_030000cd,Sesotho,5681
Litlhare_020600ab,Sesotho,5687
Litlhare_020100cd,Sesotho,5546
Litlhare_020400ab,Sesotho,2779
Litlhare_020800cd,Sesotho,5687
Litlhare_030200cd,Sesotho,5678
Litlhare_020900cd,Sesotho,5650
Litlhare_020500ab,Sesotho,5669
Litlhare_021000cd,Sesotho,5673
Asato_20612,Japanese_MiiPro,4499
Asato_30818,Japanese_MiiPro,4176
Asato_20404,Japanese_MiiPro,4499
Asato_30416,Japanese_MiiPro,4134
Asato_10517,Japanese_MiiPro,4497
Asato_20615,Japanese_MiiPro,4151
Asato_20205,Japanese_MiiPro,4169
Asato_10305,Japanese_MiiPro,3803
Asato_11026,Japanese_MiiPro,3758
Asato_10502,Japanese_MiiPro,4499
Asato_20416,Japanese_MiiPro,4499
Asato_10702,Japanese_MiiPro,3759
Asato_30001,Japanese_MiiPro,4499
Asato_10717,Japanese_MiiPro,4234
Asato_10529,Japanese_MiiPro,4485
Asato_11122,Japanese_MiiPro,4500
Asato_30715,Japanese_MiiPro,4397
Asato_40218,Japanese_MiiPro,4499
Asato_11109,Japanese_MiiPro,4274
Asato_40622,Japanese_MiiPro,4303
Asato_40024,Japanese_MiiPro,4489
Asato_30918,Japanese_MiiPro,4507
Asato_20504,Japanese_MiiPro,4180
Asato_40419,Japanese_MiiPro,3660
Asato_20305,Japanese_MiiPro,4499
Asato_20715,Japanese_MiiPro,4250
Asato_50027,Japanese_MiiPro,4499
Asato_10403,Japanese_MiiPro,4329
Asato_20927,Japanese_MiiPro,4199
Asato_10209,Japanese_MiiPro,3421
Asato_30318,Japanese_MiiPro,4211
Asato_20730,Japanese_MiiPro,4002
Asato_20122,Japanese_MiiPro,3075
Asato_30119,Japanese_MiiPro,4437
Asato_21028,Japanese_MiiPro,4496
Asato_20108,Japanese_MiiPro,4421
Asato_10815,Japanese_MiiPro,4550
Asato_41125,Japanese_MiiPro,4509
Asato_20900,Japanese_MiiPro,4305
Asato_20914,Japanese_MiiPro,4499
Asato_30520,Japanese_MiiPro,4286
Asato_10800,Japanese_MiiPro,4550
Asato_10223,Japanese_MiiPro,3877
Asato_40821,Japanese_MiiPro,4813
Asato_10421,Japanese_MiiPro,4494
Asato_20520,Japanese_MiiPro,4499
Asato_10621,Japanese_MiiPro,4490
Asato_20319,Japanese_MiiPro,4499
Asato_21013,Japanese_MiiPro,3966
Asato_10915,Japanese_MiiPro,4503
Asato_10929,Japanese_MiiPro,4465
Asato_20008,Japanese_MiiPro,3868
Asato_30019,Japanese_MiiPro,4419
Asato_10902,Japanese_MiiPro,4556
Asato_20221,Japanese_MiiPro,4166
Asato_21116,Japanese_MiiPro,4226
Asato_30619,Japanese_MiiPro,4228
Asato_30221,Japanese_MiiPro,4410
Asato_10319,Japanese_MiiPro,3651
Asato_10127,Japanese_MiiPro,3271
Asato_20812,Japanese_MiiPro,4305
Asato_11011,Japanese_MiiPro,4503
Asato_20024,Japanese_MiiPro,4168
Tomito_20607,Japanese_MiiPro,4420
Tomito_20029,Japanese_MiiPro,4501
Tomito_20001,Japanese_MiiPro,4503
Tomito_20015,Japanese_MiiPro,4262
Tomito_20217,Japanese_MiiPro,4510
Tomito_11020,Japanese_MiiPro,4497
Tomito_20412,Japanese_MiiPro,4499
Tomito_10923,Japanese_MiiPro,4499
Tomito_30403,Japanese_MiiPro,4498
Tomito_40906,Japanese_MiiPro,4502
Tomito_30013,Japanese_MiiPro,4381
Tomito_10711,Japanese_MiiPro,4497
Tomito_50123,Japanese_MiiPro,4500
Tomito_21127,Japanese_MiiPro,4499
Tomito_10502,Japanese_MiiPro,3709
Tomito_30203,Japanese_MiiPro,4379
Tomito_30028,Japanese_MiiPro,4499
Tomito_20824,Japanese_MiiPro,4172
Tomito_20328,Japanese_MiiPro,4493
Tomito_20300,Japanese_MiiPro,4180
Tomito_10823,Japanese_MiiPro,3875
Tomito_20711,Japanese_MiiPro,4323
Tomito_20315,Japanese_MiiPro,4490
Tomito_30501,Japanese_MiiPro,4499
Tomito_10809,Japanese_MiiPro,4112
Tomito_30529,Japanese_MiiPro,4255
Tomito_10616,Japanese_MiiPro,3956
Tomito_20924,Japanese_MiiPro,4499
Tomito_30302,Japanese_MiiPro,4497
Tomito_21019,Japanese_MiiPro,4220
Tomito_20113,Japanese_MiiPro,4268
Tomito_10601,Japanese_MiiPro,3898
Tomito_30704,Japanese_MiiPro,4500
Tomito_41117,Japanese_MiiPro,4785
Tomito_30705,Japanese_MiiPro,3742
Tomito_10210,Japanese_MiiPro,3750
Tomito_11117,Japanese_MiiPro,4085
Tomito_11103,Japanese_MiiPro,4503
Tomito_40614,Japanese_MiiPro,4500
Tomito_31007,Japanese_MiiPro,4498
Tomito_21002,Japanese_MiiPro,4499
Tomito_40401,Japanese_MiiPro,4280
Tomito_10626,Japanese_MiiPro,3578
Tomito_40207,Japanese_MiiPro,4500
Tomito_30905,Japanese_MiiPro,4500
Tomito_40004,Japanese_MiiPro,4264
Tomito_20727,Japanese_MiiPro,4500
Tomito_10223,Japanese_MiiPro,3470
Tomito_10421,Japanese_MiiPro,4406
Tomito_10409,Japanese_MiiPro,4399
Tomito_20127,Japanese_MiiPro,4507
Tomito_10322,Japanese_MiiPro,4393
Tomito_20425,Japanese_MiiPro,4068
Tomito_10308,Japanese_MiiPro,4414
Tomito_21112,Japanese_MiiPro,4494
Tomito_11006,Japanese_MiiPro,4500
Tomito_30801,Japanese_MiiPro,4500
Tomito_20623,Japanese_MiiPro,4227
Tomito_10910,Japanese_MiiPro,4491
Tomito_10723,Japanese_MiiPro,3775
Tomito_20811,Japanese_MiiPro,4498
ArikaF_10710,Japanese_MiiPro,3882
ArikaF_10301,Japanese_MiiPro,3664
ArikaF_10315,Japanese_MiiPro,4181
ArikaF_10329,Japanese_MiiPro,3596
ArikaF_20201,Japanese_MiiPro,3789
ArikaF_10507,Japanese_MiiPro,4093
ArikaF_20013,Japanese_MiiPro,4517
ArikaF_10514,Japanese_MiiPro,4332
ArikaF_10702,Japanese_MiiPro,4096
ArikaF_11025,Japanese_MiiPro,4556
ArikaF_11019,Japanese_MiiPro,3910
ArikaF_20213,Japanese_MiiPro,3957
ArikaF_20005,Japanese_MiiPro,4143
ArikaF_10501,Japanese_MiiPro,4169
ArikaF_11122,Japanese_MiiPro,2328
ArikaF_10611,Japanese_MiiPro,3997
ArikaF_20117,Japanese_MiiPro,3831
ArikaF_10405,Japanese_MiiPro,3816
ArikaF_10410,Japanese_MiiPro,4483
ArikaF_10821,Japanese_MiiPro,3583
ArikaF_20302,Japanese_MiiPro,4086
ArikaF_20312,Japanese_MiiPro,3919
ArikaF_11130,Japanese_MiiPro,3707
ArikaF_20110,Japanese_MiiPro,2935
ArikaF_10602,Japanese_MiiPro,4499
ArikaF_10415,Japanese_MiiPro,3787
ArikaF_20123,Japanese_MiiPro,3760
ArikaF_10802,Japanese_MiiPro,4100
ArikaF_10625,Japanese_MiiPro,4496
ArikaF_10618,Japanese_MiiPro,4103
ArikaF_11100,Japanese_MiiPro,4502
ArikaF_10829,Japanese_MiiPro,3660
ArikaF_11115,Japanese_MiiPro,3899
ArikaF_11106,Japanese_MiiPro,3215
ArikaF_10813,Japanese_MiiPro,3997
ArikaF_10423,Japanese_MiiPro,4498
ArikaF_11107,Japanese_MiiPro,4544
ArikaF_10915,Japanese_MiiPro,3849
ArikaF_11001,Japanese_MiiPro,3920
ArikaF_10527,Japanese_MiiPro,4498
ArikaF_10309,Japanese_MiiPro,3303
ArikaF_10321,Japanese_MiiPro,3800
ArikaF_10724,Japanese_MiiPro,4089
ArikaF_20027,Japanese_MiiPro,3915
ArikaF_10906,Japanese_MiiPro,4383
ArikaF_11011,Japanese_MiiPro,4110
ArikaF_10520,Japanese_MiiPro,3994
Nanami_10129,Japanese_MiiPro,3510
Nanami_40131,Japanese_MiiPro,4499
Nanami_30415,Japanese_MiiPro,4464
Nanami_20200,Japanese_MiiPro,4118
Nanami_20403,Japanese_MiiPro,3864
Nanami_40308,Japanese_MiiPro,4500
Nanami_10701,Japanese_MiiPro,4496
Nanami_40916,Japanese_MiiPro,4860
Nanami_20819,Japanese_MiiPro,4048
Nanami_10306,Japanese_MiiPro,3809
Nanami_11025,Japanese_MiiPro,4154
Nanami_20213,Japanese_MiiPro,4500
Nanami_30014,Japanese_MiiPro,4500
Nanami_41107,Japanese_MiiPro,740
Nanami_10605,Japanese_MiiPro,4502
Nanami_11121,Japanese_MiiPro,4275
Nanami_10405,Japanese_MiiPro,4208
Nanami_20504,Japanese_MiiPro,4500
Nanami_20921,Japanese_MiiPro,4494
Nanami_40810,Japanese_MiiPro,4219
Nanami_21020,Japanese_MiiPro,4500
Nanami_40009,Japanese_MiiPro,4499
Nanami_30116,Japanese_MiiPro,5947
Nanami_30923,Japanese_MiiPro,4500
Nanami_20304,Japanese_MiiPro,4387
Nanami_10816,Japanese_MiiPro,4269
Nanami_50017,Japanese_MiiPro,4857
Nanami_30523,Japanese_MiiPro,2579
Nanami_30319,Japanese_MiiPro,4318
Nanami_20914,Japanese_MiiPro,4500
Nanami_10421,Japanese_MiiPro,4500
Nanami_10622,Japanese_MiiPro,4500
Nanami_31015,Japanese_MiiPro,4499
Nanami_11110,Japanese_MiiPro,4478
Nanami_21004,Japanese_MiiPro,4128
Nanami_40407,Japanese_MiiPro,4500
Nanami_20720,Japanese_MiiPro,1625
Nanami_20708,Japanese_MiiPro,4279
Nanami_20522,Japanese_MiiPro,4309
Nanami_40610,Japanese_MiiPro,4500
Nanami_10225,Japanese_MiiPro,4388
Nanami_20319,Japanese_MiiPro,4470
Nanami_20418,Japanese_MiiPro,4132
Nanami_21100,Japanese_MiiPro,4375
Nanami_21128,Japanese_MiiPro,4403
Nanami_10322,Japanese_MiiPro,3907
Nanami_21115,Japanese_MiiPro,4500
Nanami_10928,Japanese_MiiPro,883
Nanami_31112,Japanese_MiiPro,4490
Nanami_30609,Japanese_MiiPro,3937
Nanami_20608,Japanese_MiiPro,4240
Nanami_20807,Japanese_MiiPro,4093
Nanami_30220,Japanese_MiiPro,4503
Nanami_40712,Japanese_MiiPro,5199
Nanami_40504,Japanese_MiiPro,4377
Nanami_11011,Japanese_MiiPro,4275
Nanami_10520,Japanese_MiiPro,3852
ArikaM_50109,Japanese_MiiPro,4498
ArikaM_20001,Japanese_MiiPro,3793
ArikaM_20015,Japanese_MiiPro,6119
ArikaM_20217,Japanese_MiiPro,3726
ArikaM_40910,Japanese_MiiPro,4474
ArikaM_30818,Japanese_MiiPro,4500
ArikaM_10510,Japanese_MiiPro,3777
ArikaM_30615,Japanese_MiiPro,4500
ArikaM_10314,Japanese_MiiPro,4320
ArikaM_20229,Japanese_MiiPro,4418
ArikaM_40126,Japanese_MiiPro,4500
ArikaM_20611,Japanese_MiiPro,3875
ArikaM_30402,Japanese_MiiPro,4498
ArikaM_10503,Japanese_MiiPro,8500
ArikaM_20007,Japanese_MiiPro,4559
ArikaM_30002,Japanese_MiiPro,4500
ArikaM_30201,Japanese_MiiPro,4480
ArikaM_10714,Japanese_MiiPro,2412
ArikaM_11024,Japanese_MiiPro,4188
ArikaM_10307,Japanese_MiiPro,3789
ArikaM_20207,Japanese_MiiPro,3452
ArikaM_40120,Japanese_MiiPro,4239
ArikaM_10924,Japanese_MiiPro,3970
ArikaM_40322,Japanese_MiiPro,4166
ArikaM_30311,Japanese_MiiPro,4501
ArikaM_10823,Japanese_MiiPro,5655
ArikaM_10604,Japanese_MiiPro,4499
ArikaM_20506,Japanese_MiiPro,4500
ArikaM_20512,Japanese_MiiPro,4500
ArikaM_30728,Japanese_MiiPro,4499
ArikaM_20922,Japanese_MiiPro,4019
ArikaM_30104,Japanese_MiiPro,4499
ArikaM_20707,Japanese_MiiPro,3879
ArikaM_10410,Japanese_MiiPro,4030
ArikaM_30924,Japanese_MiiPro,4500
ArikaM_30717,Japanese_MiiPro,4500
ArikaM_20100,Japanese_MiiPro,4012
ArikaM_31025,Japanese_MiiPro,4346
ArikaM_11108,Japanese_MiiPro,4505
ArikaM_11124,Japanese_MiiPro,3698
ArikaM_40419,Japanese_MiiPro,4422
ArikaM_40627,Japanese_MiiPro,3996
ArikaM_40009,Japanese_MiiPro,4506
ArikaM_50025,Japanese_MiiPro,4272
ArikaM_30510,Japanese_MiiPro,4499
ArikaM_40801,Japanese_MiiPro,4090
ArikaM_40815,Japanese_MiiPro,4581
ArikaM_20111,Japanese_MiiPro,2192
ArikaM_40829,Japanese_MiiPro,4621
ArikaM_20307,Japanese_MiiPro,3725
ArikaM_30116,Japanese_MiiPro,4498
ArikaM_10615,Japanese_MiiPro,3482
ArikaM_10629,Japanese_MiiPro,3920
ArikaM_10403,Japanese_MiiPro,5881
ArikaM_30705,Japanese_MiiPro,4500
ArikaM_10600,Japanese_MiiPro,3601
ArikaM_20700,Japanese_MiiPro,4138
ArikaM_11117,Japanese_MiiPro,4095
ArikaM_10816,Japanese_MiiPro,6728
ArikaM_30907,Japanese_MiiPro,4500
ArikaM_30325,Japanese_MiiPro,9000
ArikaM_11102,Japanese_MiiPro,3960
ArikaM_21028,Japanese_MiiPro,4499
ArikaM_30327,Japanese_MiiPro,4498
ArikaM_10801,Japanese_MiiPro,12005
ArikaM_30521,Japanese_MiiPro,4498
ArikaM_10418,Japanese_MiiPro,4629
ArikaM_10425,Japanese_MiiPro,4634
ArikaM_30124,Japanese_MiiPro,4500
ArikaM_30325b,Japanese_MiiPro,4501
ArikaM_30900,Japanese_MiiPro,4500
ArikaM_50004,Japanese_MiiPro,4561
ArikaM_40203,Japanese_MiiPro,4500
ArikaM_40029,Japanese_MiiPro,4500
ArikaM_10622,Japanese_MiiPro,4500
ArikaM_30325a,Japanese_MiiPro,4500
ArikaM_20318,Japanese_MiiPro,3812
ArikaM_10230,Japanese_MiiPro,4559
ArikaM_20126,Japanese_MiiPro,3429
ArikaM_31003,Japanese_MiiPro,4492
ArikaM_10807,Japanese_MiiPro,3742
ArikaM_30916,Japanese_MiiPro,4470
ArikaM_40228,Japanese_MiiPro,4129
ArikaM_20912,Japanese_MiiPro,3986
ArikaM_40002,Japanese_MiiPro,4499
ArikaM_40016,Japanese_MiiPro,4273
ArikaM_40610,Japanese_MiiPro,3737
ArikaM_30810,Japanese_MiiPro,4499
ArikaM_40307,Japanese_MiiPro,4253
ArikaM_10901,Japanese_MiiPro,3778
ArikaM_30421,Japanese_MiiPro,4499
ArikaM_31104,Japanese_MiiPro,4493
ArikaM_10916,Japanese_MiiPro,4018
ArikaM_40106,Japanese_MiiPro,4500
ArikaM_40517,Japanese_MiiPro,3660
ArikaM_10320,Japanese_MiiPro,4196
ArikaM_31113,Japanese_MiiPro,4499
ArikaM_40926,Japanese_MiiPro,4859
ArikaM_20618,Japanese_MiiPro,4498
ArikaM_10522,Japanese_MiiPro,3999
ArikaM_40329,Japanese_MiiPro,4365
ArikaM_10907,Japanese_MiiPro,4267
ArikaM_30209,Japanese_MiiPro,4500
ArikaM_11012,Japanese_MiiPro,3822
ArikaM_30803,Japanese_MiiPro,4500
ArikaM_30222,Japanese_MiiPro,4498
ArikaM_10327,Japanese_MiiPro,5211
ArikaM_11004,Japanese_MiiPro,4095
ArikaM_21104,Japanese_MiiPro,4242
ArikaM_30021,Japanese_MiiPro,3875
Tai_11020,Japanese_Miyata,2449
Tai_21120,Japanese_Miyata,2459
Tai_20610,Japanese_Miyata,2544
Tai_20403,Japanese_Miyata,2520
Tai_10701,Japanese_Miyata,2441
Tai_10715,Japanese_Miyata,2424
Tai_30003,Japanese_Miyata,2748
Tai_10925,Japanese_Miyata,2501
Tai_20004,Japanese_Miyata,2401
Tai_20206,Japanese_Miyata,2128
Tai_20213,Japanese_Miyata,2490
Tai_20011,Japanese_Miyata,2717
Tai_20603,Japanese_Miyata,2486
Tai_20415,Japanese_Miyata,2493
Tai_20116,Japanese_Miyata,2535
Tai_20102,Japanese_Miyata,2575
Tai_20923,Japanese_Miyata,2616
Tai_10604,Japanese_Miyata,1779
Tai_20506,Japanese_Miyata,2531
Tai_20512,Japanese_Miyata,2537
Tai_10611,Japanese_Miyata,2934
Tai_20713,Japanese_Miyata,2460
Tai_20707,Japanese_Miyata,2465
Tai_20909,Japanese_Miyata,2599
Tai_11120,Japanese_Miyata,2544
Tai_21020,Japanese_Miyata,2503
Tai_30101,Japanese_Miyata,3174
Tai_30129,Japanese_Miyata,2749
Tai_20930,Japanese_Miyata,2455
Tai_20311,Japanese_Miyata,2462
Tai_20728,Japanese_Miyata,2465
Tai_20700,Japanese_Miyata,2671
Tai_20304,Japanese_Miyata,2499
Tai_20123,Japanese_Miyata,2661
Tai_10619,Japanese_Miyata,2009
Tai_20902,Japanese_Miyata,2633
Tai_20526,Japanese_Miyata,2466
Tai_10624,Japanese_Miyata,2527
Tai_20917,Japanese_Miyata,2533
Tai_11114,Japanese_Miyata,2600
Tai_11128,Japanese_Miyata,2566
Tai_20519,Japanese_Miyata,2703
Tai_10828,Japanese_Miyata,2693
Tai_20109,Japanese_Miyata,2474
Tai_11101,Japanese_Miyata,2469
Tai_30108,Japanese_Miyata,2697
Tai_20130,Japanese_Miyata,2692
Tai_20318,Japanese_Miyata,2520
Tai_21006,Japanese_Miyata,2664
Tai_10813,Japanese_Miyata,2674
Tai_20721,Japanese_Miyata,2462
Tai_21013,Japanese_Miyata,2529
Tai_20325,Japanese_Miyata,2516
Tai_20430,Japanese_Miyata,2531
Tai_21100,Japanese_Miyata,2521
Tai_21114,Japanese_Miyata,2489
Tai_11000,Japanese_Miyata,2659
Tai_11014,Japanese_Miyata,2408
Tai_30024,Japanese_Miyata,2450
Tai_10527,Japanese_Miyata,2885
Tai_20220,Japanese_Miyata,2521
Tai_20624,Japanese_Miyata,2455
Tai_10917,Japanese_Miyata,2406
Tai_10903,Japanese_Miyata,2405
Tai_20618,Japanese_Miyata,2616
Tai_10708,Japanese_Miyata,2391
Tai_11007,Japanese_Miyata,2393
Tai_20421,Japanese_Miyata,2462
Tai_10910,Japanese_Miyata,2406
Tai_20025,Japanese_Miyata,2510
Tai_20227,Japanese_Miyata,2501
Tai_20018,Japanese_Miyata,2643
Tai_20805,Japanese_Miyata,2501
Tai_20811,Japanese_Miyata,2617
Tai_10520,Japanese_Miyata,2389